Workbook

Sheet Final Marks
A1: Module Code :EN1060 | D1: Module : Signals and Systems
A2: Credit: | B2: GPA 3.0
D3: [Only light yellow areas may be filled]
A4: Summary
A5: Grade | B5: Normal Range | D5: Minimum Actual | E5: No. | F5: % | H5: Examiner's Comments
A6: A+ | B6: 85 and Above | D6: 85 | E6: =K22 -> 10 | F6: =IF(E$19>0,E6/E$19,0) -> 0.099009901
A7: A | B7: 75 to 84 | D7: 75 | E7: =L22 -> 43 | F7: =IF(E$19>0,E7/E$19,0) -> 0.42574257
A8: A- | B8: 70 to 74 | D8: 70 | E8: =M22 -> 23 | F8: =IF(E$19>0,E8/E$19,0) -> 0.22772277
A9: B+ | B9: 65 to 69 | D9: 65 | E9: =N22 -> 11 | F9: =IF(E$19>0,E9/E$19,0) -> 0.10891089
A10: B | B10: 60 to 64 | D10: 60 | E10: =O22 -> 6 | F10: =IF(E$19>0,E10/E$19,0) -> 0.059405941 | H10: ………………………….
A11: B- | B11: 55 to 59 | D11: 55 | E11: =P22 -> 4 | F11: =IF(E$19>0,E11/E$19,0) -> 0.03960396 | H11: Signature and Date
A12: C+ | B12: 50 to 54 | D12: 50 | E12: =Q22 -> 3 | F12: =IF(E$19>0,E12/E$19,0) -> 0.02970297
A13: C | B13: 45 to 49 | D13: 45 | E13: =R22 -> 0 | F13: =IF(E$19>0,E13/E$19,0) -> 0 | H13: Moderator's Comments
A14: C- | B14: 40 to 44 | D14: 40 | E14: =S22 -> 1 | F14: =IF(E$19>0,E14/E$19,0) -> 0.0099009901
A15: D | B15: 35 to 39 | D15: 35 | E15: =T22 -> 0 | F15: =IF(E$19>0,E15/E$19,0) -> 0
A16: I | B16: 34 and Below for either WE or CA | E16: =U22 -> 0 | F16: =IF(E$19>0,E16/E$19,0) -> 0
A17: F | B17: Below 34 for both WE and CA | E17: =V22 -> 0 | F17: =IF(E$19>0,E17/E$19,0) -> 0 | U17: =IF(AND(Y25<$R$25,Y25>=$S$25),"C-",IF(AND(Y25<$S$23,Y25>=$T$25),"D",IF(Y25<$T$25,"I","***"))) -> ***
A18: N | E18: =W22 -> 0 | F18: =IF(E$19>0,E18/E$19,0) -> 0 | H18: ………………………….
A19: Total | B19: Total | E19: =SUM(E6:E18) -> 101 | H19: Signature and Date
C20: Continuous Assessment >=75% | E20: =SUM(J25:J34) -> 10 | F20: =IF(E$19>0,E20/E$19,0) -> 0.099009901
K22: =SUM(K25:K125) -> 10 | L22: =SUM(L25:L125) -> 43 | M22: =SUM(M25:M125) -> 23 | N22: =SUM(N25:N125) -> 11 | O22: =SUM(O25:O125) -> 6 | P22: =SUM(P25:P125) -> 4 | Q22: =SUM(Q25:Q125) -> 3 | R22: =SUM(R25:R125) -> 0 | ... W22: =SUM(W25:W125) -> 0
A23: Status* | B23: Index No | C23: Name | D23: Moderated | E23: Calculated | F23: Final Marks | G23: Exam | H23: Continuous Assesment | I23: Continuous Assesment | K23: =D6-0.5 -> 84.5 | L23: =D7-0.5 -> 74.5 | M23: =D8-0.5 -> 69.5 | N23: =D9-0.5 -> 64.5 | O23: =D10-0.5 -> 59.5 | P23: =D11-0.5 -> 54.5 | Q23: =D12-0.5 -> 49.5 | R23: =D13-0.5 -> 44.5 | S23: =D14-0.5 -> 39.5 | T23: =D15-0.5 -> 34.5 | Y23: Final
D24: Grade | E24: Grade | F24: 1 | G24: 0.4 | H24: 0.6 | I24: 0.6 | J24: >=75% | K24: A+ | L24: A | M24: A- | N24: B+ | O24: B | P24: B- | Q24: C+ | R24: C | S24: C- | T24: D | U24: I | V24: F | W24: N | Y24: 1 | AA24: Repeat Grade | AC24: Grade
B25: ='Detailed Marks'!A4 -> 200370K | C25: ='Detailed Marks'!B4 -> MADUWANTHA L.H.H. | E25: =+IF(AND(C25="",B25=""),"",IF(AA25=0,AC25,AA25)) -> A | F25: =G25+H25 -> 75.02 | G25: ='Detailed Marks'!L4/'Detailed Marks'!$L$3*'Final Marks'!$G$24 -> 26.6 | H25: =I25*H$24/I$24 -> 48.42 | I25: ='Detailed Marks'!M4 -> 48.42 | J25: =IF(I25/$I$24>=75,1,"") -> 1 | K25: =IF($D25="",IF($E25=K$24,1,0),IF($D25=K$24,1,0)) -> 0 | L25: =IF($D25="",IF($E25=L$24,1,0),IF($D25=L$24,1,0)) -> 1 | M25: =IF($D25="",IF($E25=M$24,1,0),IF($D25=M$24,1,0)) -> 0 | N25: =IF($D25="",IF($E25=N$24,1,0),IF($D25=N$24,1,0)) -> 0 | O25: =IF($D25="",IF($E25=O$24,1,0),IF($D25=O$24,1,0)) -> 0 | P25: =IF($D25="",IF($E25=P$24,1,0),IF($D25=P$24,1,0)) -> 0 | Q25: =IF($D25="",IF($E25=Q$24,1,0),IF($D25=Q$24,1,0)) -> 0 | R25: =IF($D25="",IF($E25=R$24,1,0),IF($D25=R$24,1,0)) -> 0 | ... T25: =IF($D25="",IF($E25=T$24,1,0),IF($D25=T$24,1,0)) -> 0 | U25: =IF($D25="",IF(LEFT($E25,1)=U$24,1,0),IF(LEFT($D25,1)=U$24,1,0)) -> 0 | V25: =IF($D25="",IF($E25=V$24,1,0),IF($D25=V$24,1,0)) -> 0 | W25: =IF($D25="",IF($E25=W$24,1,0),IF($D25=W$24,1,0)) -> 0 | Y25: =F25 -> 75.02 | AA25: =+IF(OR(A25="",A25="N"),0, IF(A25="U", IF(OR(AC25="I-we",AC25="I-ca",AC25="F"),"**I", IF(Y25>=R$23,"C", IF(Y25>=S$23,"C-","**D"))), IF(A25="PF", IF(OR(AC25="I-we",AC25="I-ca",AC25="F"),AC25, IF(Y25>=R$23,"C", IF(Y25>=S$23,"C-","**D"))), IF(A25="PI-ca",IF(AC25="I-we","DATA",IF(AC25="I-ca",AC25, IF(Y25>=R$23,"C", IF(Y25>=S$23,"C-",IF(Y25>=T$23,"D","DATA"))))),IF(A25="PI-we", IF(AC25="I-ca","DATA",IF(AC25="I-we",AC25,IF(Y25>=R$23,"C", IF(Y25>=S$23,"C-",IF(Y25>=T$23,"D","DATA")))) ))) ))) -> 0 | AC25: =IF(AND(H25>=$D$15*$H$24,G25>=$D$15*$G$24),IF(F25>=$O$23,IF(F25>=$K$23,"A+",IF(F25>=$L$23,"A",IF(F25>=$M$23,"A-",IF(F25>=$N$23,"B+","B")))),IF(F25<$T$23,"I",IF(F25<$S$23,"D",IF(F25<$R$23,"C-",IF(F25<$Q$23,"C",IF(F25<$P$23,"C+",IF(F25<$O$23,"B-","B"))))))),IF(AND(H25<$D$15*$H$24,G25<$D$15*$G$24),"F",IF(H25<$D$15*$H$24,"I-ca","I-we"))) -> A
B26: ='Detailed Marks'!A5 -> 210003B | C26: ='Detailed Marks'!B5 -> ABEWICKREMA A.S.J. | E26: =+IF(AND(C26="",B26=""),"",IF(AA26=0,AC26,AA26)) -> A | F26: =G26+H26 -> 74.57 | G26: ='Detailed Marks'!L5/'Detailed Marks'!$L$3*'Final Marks'!$G$24 -> 23.4 | H26: =I26*H$24/I$24 -> 51.17 | I26: ='Detailed Marks'!M5 -> 51.17 | J26: =IF(I26/$I$24>=75,1,"") -> 1 | K26: =IF($D26="",IF($E26=K$24,1,0),IF($D26=K$24,1,0)) -> 0 | L26: =IF($D26="",IF($E26=L$24,1,0),IF($D26=L$24,1,0)) -> 1 | M26: =IF($D26="",IF($E26=M$24,1,0),IF($D26=M$24,1,0)) -> 0 | N26: =IF($D26="",IF($E26=N$24,1,0),IF($D26=N$24,1,0)) -> 0 | O26: =IF($D26="",IF($E26=O$24,1,0),IF($D26=O$24,1,0)) -> 0 | P26: =IF($D26="",IF($E26=P$24,1,0),IF($D26=P$24,1,0)) -> 0 | Q26: =IF($D26="",IF($E26=Q$24,1,0),IF($D26=Q$24,1,0)) -> 0 | R26: =IF($D26="",IF($E26=R$24,1,0),IF($D26=R$24,1,0)) -> 0 | ... T26: =IF($D26="",IF($E26=T$24,1,0),IF($D26=T$24,1,0)) -> 0 | U26: =IF($D26="",IF(LEFT($E26,1)=U$24,1,0),IF(LEFT($D26,1)=U$24,1,0)) -> 0 | V26: =IF($D26="",IF($E26=V$24,1,0),IF($D26=V$24,1,0)) -> 0 | W26: =IF($D26="",IF($E26=W$24,1,0),IF($D26=W$24,1,0)) -> 0 | Y26: =F26 -> 74.57 | AA26: =+IF(OR(A26="",A26="N"),0, IF(A26="U", IF(OR(AC26="I-we",AC26="I-ca",AC26="F"),"**I", IF(Y26>=R$23,"C", IF(Y26>=S$23,"C-","**D"))), IF(A26="PF", IF(OR(AC26="I-we",AC26="I-ca",AC26="F"),AC26, IF(Y26>=R$23,"C", IF(Y26>=S$23,"C-","**D"))), IF(A26="PI-ca",IF(AC26="I-we","DATA",IF(AC26="I-ca",AC26, IF(Y26>=R$23,"C", IF(Y26>=S$23,"C-",IF(Y26>=T$23,"D","DATA"))))),IF(A26="PI-we", IF(AC26="I-ca","DATA",IF(AC26="I-we",AC26,IF(Y26>=R$23,"C", IF(Y26>=S$23,"C-",IF(Y26>=T$23,"D","DATA")))) ))) ))) -> 0 | AC26: =IF(AND(H26>=$D$15*$H$24,G26>=$D$15*$G$24),IF(F26>=$O$23,IF(F26>=$K$23,"A+",IF(F26>=$L$23,"A",IF(F26>=$M$23,"A-",IF(F26>=$N$23,"B+","B")))),IF(F26<$T$23,"I",IF(F26<$S$23,"D",IF(F26<$R$23,"C-",IF(F26<$Q$23,"C",IF(F26<$P$23,"C+",IF(F26<$O$23,"B-","B"))))))),IF(AND(H26<$D$15*$H$24,G26<$D$15*$G$24),"F",IF(H26<$D$15*$H$24,"I-ca","I-we"))) -> A
B27: ='Detailed Marks'!A6 -> 210005H | C27: ='Detailed Marks'!B6 -> ABEYRATHNA S.M.S.M.B. | E27: =+IF(AND(C27="",B27=""),"",IF(AA27=0,AC27,AA27)) -> A- | F27: =G27+H27 -> 71.65 | G27: ='Detailed Marks'!L6/'Detailed Marks'!$L$3*'Final Marks'!$G$24 -> 20.4 | H27: =I27*H$24/I$24 -> 51.25 | I27: ='Detailed Marks'!M6 -> 51.25 | J27: =IF(I27/$I$24>=75,1,"") -> 1 | K27: =IF($D27="",IF($E27=K$24,1,0),IF($D27=K$24,1,0)) -> 0 | L27: =IF($D27="",IF($E27=L$24,1,0),IF($D27=L$24,1,0)) -> 0 | M27: =IF($D27="",IF($E27=M$24,1,0),IF($D27=M$24,1,0)) -> 1 | N27: =IF($D27="",IF($E27=N$24,1,0),IF($D27=N$24,1,0)) -> 0 | O27: =IF($D27="",IF($E27=O$24,1,0),IF($D27=O$24,1,0)) -> 0 | P27: =IF($D27="",IF($E27=P$24,1,0),IF($D27=P$24,1,0)) -> 0 | Q27: =IF($D27="",IF($E27=Q$24,1,0),IF($D27=Q$24,1,0)) -> 0 | R27: =IF($D27="",IF($E27=R$24,1,0),IF($D27=R$24,1,0)) -> 0 | ... T27: =IF($D27="",IF($E27=T$24,1,0),IF($D27=T$24,1,0)) -> 0 | U27: =IF($D27="",IF(LEFT($E27,1)=U$24,1,0),IF(LEFT($D27,1)=U$24,1,0)) -> 0 | V27: =IF($D27="",IF($E27=V$24,1,0),IF($D27=V$24,1,0)) -> 0 | W27: =IF($D27="",IF($E27=W$24,1,0),IF($D27=W$24,1,0)) -> 0 | Y27: =F27 -> 71.65 | AA27: =+IF(OR(A27="",A27="N"),0, IF(A27="U", IF(OR(AC27="I-we",AC27="I-ca",AC27="F"),"**I", IF(Y27>=R$23,"C", IF(Y27>=S$23,"C-","**D"))), IF(A27="PF", IF(OR(AC27="I-we",AC27="I-ca",AC27="F"),AC27, IF(Y27>=R$23,"C", IF(Y27>=S$23,"C-","**D"))), IF(A27="PI-ca",IF(AC27="I-we","DATA",IF(AC27="I-ca",AC27, IF(Y27>=R$23,"C", IF(Y27>=S$23,"C-",IF(Y27>=T$23,"D","DATA"))))),IF(A27="PI-we", IF(AC27="I-ca","DATA",IF(AC27="I-we",AC27,IF(Y27>=R$23,"C", IF(Y27>=S$23,"C-",IF(Y27>=T$23,"D","DATA")))) ))) ))) -> 0 | AC27: =IF(AND(H27>=$D$15*$H$24,G27>=$D$15*$G$24),IF(F27>=$O$23,IF(F27>=$K$23,"A+",IF(F27>=$L$23,"A",IF(F27>=$M$23,"A-",IF(F27>=$N$23,"B+","B")))),IF(F27<$T$23,"I",IF(F27<$S$23,"D",IF(F27<$R$23,"C-",IF(F27<$Q$23,"C",IF(F27<$P$23,"C+",IF(F27<$O$23,"B-","B"))))))),IF(AND(H27<$D$15*$H$24,G27<$D$15*$G$24),"F",IF(H27<$D$15*$H$24,"I-ca","I-we"))) -> A-
B28: ='Detailed Marks'!A7 -> 210014J | C28: ='Detailed Marks'!B7 -> ABEYWARDANA K.D.W. | E28: =+IF(AND(C28="",B28=""),"",IF(AA28=0,AC28,AA28)) -> A | F28: =G28+H28 -> 74.68 | G28: ='Detailed Marks'!L7/'Detailed Marks'!$L$3*'Final Marks'!$G$24 -> 22.6 | H28: =I28*H$24/I$24 -> 52.08 | I28: ='Detailed Marks'!M7 -> 52.08 | J28: =IF(I28/$I$24>=75,1,"") -> 1 | K28: =IF($D28="",IF($E28=K$24,1,0),IF($D28=K$24,1,0)) -> 0 | L28: =IF($D28="",IF($E28=L$24,1,0),IF($D28=L$24,1,0)) -> 1 | M28: =IF($D28="",IF($E28=M$24,1,0),IF($D28=M$24,1,0)) -> 0 | N28: =IF($D28="",IF($E28=N$24,1,0),IF($D28=N$24,1,0)) -> 0 | O28: =IF($D28="",IF($E28=O$24,1,0),IF($D28=O$24,1,0)) -> 0 | P28: =IF($D28="",IF($E28=P$24,1,0),IF($D28=P$24,1,0)) -> 0 | Q28: =IF($D28="",IF($E28=Q$24,1,0),IF($D28=Q$24,1,0)) -> 0 | R28: =IF($D28="",IF($E28=R$24,1,0),IF($D28=R$24,1,0)) -> 0 | ... T28: =IF($D28="",IF($E28=T$24,1,0),IF($D28=T$24,1,0)) -> 0 | U28: =IF($D28="",IF(LEFT($E28,1)=U$24,1,0),IF(LEFT($D28,1)=U$24,1,0)) -> 0 | V28: =IF($D28="",IF($E28=V$24,1,0),IF($D28=V$24,1,0)) -> 0 | W28: =IF($D28="",IF($E28=W$24,1,0),IF($D28=W$24,1,0)) -> 0 | Y28: =F28 -> 74.68 | AA28: =+IF(OR(A28="",A28="N"),0, IF(A28="U", IF(OR(AC28="I-we",AC28="I-ca",AC28="F"),"**I", IF(Y28>=R$23,"C", IF(Y28>=S$23,"C-","**D"))), IF(A28="PF", IF(OR(AC28="I-we",AC28="I-ca",AC28="F"),AC28, IF(Y28>=R$23,"C", IF(Y28>=S$23,"C-","**D"))), IF(A28="PI-ca",IF(AC28="I-we","DATA",IF(AC28="I-ca",AC28, IF(Y28>=R$23,"C", IF(Y28>=S$23,"C-",IF(Y28>=T$23,"D","DATA"))))),IF(A28="PI-we", IF(AC28="I-ca","DATA",IF(AC28="I-we",AC28,IF(Y28>=R$23,"C", IF(Y28>=S$23,"C-",IF(Y28>=T$23,"D","DATA")))) ))) ))) -> 0 | AC28: =IF(AND(H28>=$D$15*$H$24,G28>=$D$15*$G$24),IF(F28>=$O$23,IF(F28>=$K$23,"A+",IF(F28>=$L$23,"A",IF(F28>=$M$23,"A-",IF(F28>=$N$23,"B+","B")))),IF(F28<$T$23,"I",IF(F28<$S$23,"D",IF(F28<$R$23,"C-",IF(F28<$Q$23,"C",IF(F28<$P$23,"C+",IF(F28<$O$23,"B-","B"))))))),IF(AND(H28<$D$15*$H$24,G28<$D$15*$G$24),"F",IF(H28<$D$15*$H$24,"I-ca","I-we"))) -> A
B29: ='Detailed Marks'!A8 -> 210019E | C29: ='Detailed Marks'!B8 -> ABITHAN A. | E29: =+IF(AND(C29="",B29=""),"",IF(AA29=0,AC29,AA29)) -> B+ | F29: =G29+H29 -> 66.13 | G29: ='Detailed Marks'!L8/'Detailed Marks'!$L$3*'Final Marks'!$G$24 -> 16.8 | H29: =I29*H$24/I$24 -> 49.33 | I29: ='Detailed Marks'!M8 -> 49.33 | J29: =IF(I29/$I$24>=75,1,"") -> 1 | K29: =IF($D29="",IF($E29=K$24,1,0),IF($D29=K$24,1,0)) -> 0 | L29: =IF($D29="",IF($E29=L$24,1,0),IF($D29=L$24,1,0)) -> 0 | M29: =IF($D29="",IF($E29=M$24,1,0),IF($D29=M$24,1,0)) -> 0 | N29: =IF($D29="",IF($E29=N$24,1,0),IF($D29=N$24,1,0)) -> 1 | O29: =IF($D29="",IF($E29=O$24,1,0),IF($D29=O$24,1,0)) -> 0 | P29: =IF($D29="",IF($E29=P$24,1,0),IF($D29=P$24,1,0)) -> 0 | Q29: =IF($D29="",IF($E29=Q$24,1,0),IF($D29=Q$24,1,0)) -> 0 | R29: =IF($D29="",IF($E29=R$24,1,0),IF($D29=R$24,1,0)) -> 0 | ... T29: =IF($D29="",IF($E29=T$24,1,0),IF($D29=T$24,1,0)) -> 0 | U29: =IF($D29="",IF(LEFT($E29,1)=U$24,1,0),IF(LEFT($D29,1)=U$24,1,0)) -> 0 | V29: =IF($D29="",IF($E29=V$24,1,0),IF($D29=V$24,1,0)) -> 0 | W29: =IF($D29="",IF($E29=W$24,1,0),IF($D29=W$24,1,0)) -> 0 | Y29: =F29 -> 66.13 | AA29: =+IF(OR(A29="",A29="N"),0, IF(A29="U", IF(OR(AC29="I-we",AC29="I-ca",AC29="F"),"**I", IF(Y29>=R$23,"C", IF(Y29>=S$23,"C-","**D"))), IF(A29="PF", IF(OR(AC29="I-we",AC29="I-ca",AC29="F"),AC29, IF(Y29>=R$23,"C", IF(Y29>=S$23,"C-","**D"))), IF(A29="PI-ca",IF(AC29="I-we","DATA",IF(AC29="I-ca",AC29, IF(Y29>=R$23,"C", IF(Y29>=S$23,"C-",IF(Y29>=T$23,"D","DATA"))))),IF(A29="PI-we", IF(AC29="I-ca","DATA",IF(AC29="I-we",AC29,IF(Y29>=R$23,"C", IF(Y29>=S$23,"C-",IF(Y29>=T$23,"D","DATA")))) ))) ))) -> 0 | AC29: =IF(AND(H29>=$D$15*$H$24,G29>=$D$15*$G$24),IF(F29>=$O$23,IF(F29>=$K$23,"A+",IF(F29>=$L$23,"A",IF(F29>=$M$23,"A-",IF(F29>=$N$23,"B+","B")))),IF(F29<$T$23,"I",IF(F29<$S$23,"D",IF(F29<$R$23,"C-",IF(F29<$Q$23,"C",IF(F29<$P$23,"C+",IF(F29<$O$23,"B-","B"))))))),IF(AND(H29<$D$15*$H$24,G29<$D$15*$G$24),"F",IF(H29<$D$15*$H$24,"I-ca","I-we"))) -> B+
B30: ='Detailed Marks'!A9 -> 210021D | C30: ='Detailed Marks'!B9 -> ADIKARAM W.K.D.N.E. | E30: =+IF(AND(C30="",B30=""),"",IF(AA30=0,AC30,AA30)) -> B+ | F30: =G30+H30 -> 66.28 | G30: ='Detailed Marks'!L9/'Detailed Marks'!$L$3*'Final Marks'!$G$24 -> 17.4 | H30: =I30*H$24/I$24 -> 48.88 | I30: ='Detailed Marks'!M9 -> 48.88 | J30: =IF(I30/$I$24>=75,1,"") -> 1 | K30: =IF($D30="",IF($E30=K$24,1,0),IF($D30=K$24,1,0)) -> 0 | L30: =IF($D30="",IF($E30=L$24,1,0),IF($D30=L$24,1,0)) -> 0 | M30: =IF($D30="",IF($E30=M$24,1,0),IF($D30=M$24,1,0)) -> 0 | N30: =IF($D30="",IF($E30=N$24,1,0),IF($D30=N$24,1,0)) -> 1 | O30: =IF($D30="",IF($E30=O$24,1,0),IF($D30=O$24,1,0)) -> 0 | P30: =IF($D30="",IF($E30=P$24,1,0),IF($D30=P$24,1,0)) -> 0 | Q30: =IF($D30="",IF($E30=Q$24,1,0),IF($D30=Q$24,1,0)) -> 0 | R30: =IF($D30="",IF($E30=R$24,1,0),IF($D30=R$24,1,0)) -> 0 | ... T30: =IF($D30="",IF($E30=T$24,1,0),IF($D30=T$24,1,0)) -> 0 | U30: =IF($D30="",IF(LEFT($E30,1)=U$24,1,0),IF(LEFT($D30,1)=U$24,1,0)) -> 0 | V30: =IF($D30="",IF($E30=V$24,1,0),IF($D30=V$24,1,0)) -> 0 | W30: =IF($D30="",IF($E30=W$24,1,0),IF($D30=W$24,1,0)) -> 0 | Y30: =F30 -> 66.28 | AA30: =+IF(OR(A30="",A30="N"),0, IF(A30="U", IF(OR(AC30="I-we",AC30="I-ca",AC30="F"),"**I", IF(Y30>=R$23,"C", IF(Y30>=S$23,"C-","**D"))), IF(A30="PF", IF(OR(AC30="I-we",AC30="I-ca",AC30="F"),AC30, IF(Y30>=R$23,"C", IF(Y30>=S$23,"C-","**D"))), IF(A30="PI-ca",IF(AC30="I-we","DATA",IF(AC30="I-ca",AC30, IF(Y30>=R$23,"C", IF(Y30>=S$23,"C-",IF(Y30>=T$23,"D","DATA"))))),IF(A30="PI-we", IF(AC30="I-ca","DATA",IF(AC30="I-we",AC30,IF(Y30>=R$23,"C", IF(Y30>=S$23,"C-",IF(Y30>=T$23,"D","DATA")))) ))) ))) -> 0 | AC30: =IF(AND(H30>=$D$15*$H$24,G30>=$D$15*$G$24),IF(F30>=$O$23,IF(F30>=$K$23,"A+",IF(F30>=$L$23,"A",IF(F30>=$M$23,"A-",IF(F30>=$N$23,"B+","B")))),IF(F30<$T$23,"I",IF(F30<$S$23,"D",IF(F30<$R$23,"C-",IF(F30<$Q$23,"C",IF(F30<$P$23,"C+",IF(F30<$O$23,"B-","B"))))))),IF(AND(H30<$D$15*$H$24,G30<$D$15*$G$24),"F",IF(H30<$D$15*$H$24,"I-ca","I-we"))) -> B+
B31: ='Detailed Marks'!A10 -> 210022G | C31: ='Detailed Marks'!B10 -> ADIKARI A.A.S.D. | E31: =+IF(AND(C31="",B31=""),"",IF(AA31=0,AC31,AA31)) -> A | F31: =G31+H31 -> 82.37 | G31: ='Detailed Marks'!L10/'Detailed Marks'!$L$3*'Final Marks'!$G$24 -> 29.2 | H31: =I31*H$24/I$24 -> 53.17 | I31: ='Detailed Marks'!M10 -> 53.17 | J31: =IF(I31/$I$24>=75,1,"") -> 1 | K31: =IF($D31="",IF($E31=K$24,1,0),IF($D31=K$24,1,0)) -> 0 | L31: =IF($D31="",IF($E31=L$24,1,0),IF($D31=L$24,1,0)) -> 1 | M31: =IF($D31="",IF($E31=M$24,1,0),IF($D31=M$24,1,0)) -> 0 | N31: =IF($D31="",IF($E31=N$24,1,0),IF($D31=N$24,1,0)) -> 0 | O31: =IF($D31="",IF($E31=O$24,1,0),IF($D31=O$24,1,0)) -> 0 | P31: =IF($D31="",IF($E31=P$24,1,0),IF($D31=P$24,1,0)) -> 0 | Q31: =IF($D31="",IF($E31=Q$24,1,0),IF($D31=Q$24,1,0)) -> 0 | R31: =IF($D31="",IF($E31=R$24,1,0),IF($D31=R$24,1,0)) -> 0 | ... T31: =IF($D31="",IF($E31=T$24,1,0),IF($D31=T$24,1,0)) -> 0 | U31: =IF($D31="",IF(LEFT($E31,1)=U$24,1,0),IF(LEFT($D31,1)=U$24,1,0)) -> 0 | V31: =IF($D31="",IF($E31=V$24,1,0),IF($D31=V$24,1,0)) -> 0 | W31: =IF($D31="",IF($E31=W$24,1,0),IF($D31=W$24,1,0)) -> 0 | Y31: =F31 -> 82.37 | AA31: =+IF(OR(A31="",A31="N"),0, IF(A31="U", IF(OR(AC31="I-we",AC31="I-ca",AC31="F"),"**I", IF(Y31>=R$23,"C", IF(Y31>=S$23,"C-","**D"))), IF(A31="PF", IF(OR(AC31="I-we",AC31="I-ca",AC31="F"),AC31, IF(Y31>=R$23,"C", IF(Y31>=S$23,"C-","**D"))), IF(A31="PI-ca",IF(AC31="I-we","DATA",IF(AC31="I-ca",AC31, IF(Y31>=R$23,"C", IF(Y31>=S$23,"C-",IF(Y31>=T$23,"D","DATA"))))),IF(A31="PI-we", IF(AC31="I-ca","DATA",IF(AC31="I-we",AC31,IF(Y31>=R$23,"C", IF(Y31>=S$23,"C-",IF(Y31>=T$23,"D","DATA")))) ))) ))) -> 0 | AC31: =IF(AND(H31>=$D$15*$H$24,G31>=$D$15*$G$24),IF(F31>=$O$23,IF(F31>=$K$23,"A+",IF(F31>=$L$23,"A",IF(F31>=$M$23,"A-",IF(F31>=$N$23,"B+","B")))),IF(F31<$T$23,"I",IF(F31<$S$23,"D",IF(F31<$R$23,"C-",IF(F31<$Q$23,"C",IF(F31<$P$23,"C+",IF(F31<$O$23,"B-","B"))))))),IF(AND(H31<$D$15*$H$24,G31<$D$15*$G$24),"F",IF(H31<$D$15*$H$24,"I-ca","I-we"))) -> A
B32: ='Detailed Marks'!A11 -> 210027C | C32: ='Detailed Marks'!B11 -> ALAHAKOON U.M.Y.B. | E32: =+IF(AND(C32="",B32=""),"",IF(AA32=0,AC32,AA32)) -> A | F32: =G32+H32 -> 75.17 | G32: ='Detailed Marks'!L11/'Detailed Marks'!$L$3*'Final Marks'!$G$24 -> 26.4 | H32: =I32*H$24/I$24 -> 48.77 | I32: ='Detailed Marks'!M11 -> 48.77 | J32: =IF(I32/$I$24>=75,1,"") -> 1 | K32: =IF($D32="",IF($E32=K$24,1,0),IF($D32=K$24,1,0)) -> 0 | L32: =IF($D32="",IF($E32=L$24,1,0),IF($D32=L$24,1,0)) -> 1 | M32: =IF($D32="",IF($E32=M$24,1,0),IF($D32=M$24,1,0)) -> 0 | N32: =IF($D32="",IF($E32=N$24,1,0),IF($D32=N$24,1,0)) -> 0 | O32: =IF($D32="",IF($E32=O$24,1,0),IF($D32=O$24,1,0)) -> 0 | P32: =IF($D32="",IF($E32=P$24,1,0),IF($D32=P$24,1,0)) -> 0 | Q32: =IF($D32="",IF($E32=Q$24,1,0),IF($D32=Q$24,1,0)) -> 0 | R32: =IF($D32="",IF($E32=R$24,1,0),IF($D32=R$24,1,0)) -> 0 | ... T32: =IF($D32="",IF($E32=T$24,1,0),IF($D32=T$24,1,0)) -> 0 | U32: =IF($D32="",IF(LEFT($E32,1)=U$24,1,0),IF(LEFT($D32,1)=U$24,1,0)) -> 0 | V32: =IF($D32="",IF($E32=V$24,1,0),IF($D32=V$24,1,0)) -> 0 | W32: =IF($D32="",IF($E32=W$24,1,0),IF($D32=W$24,1,0)) -> 0 | Y32: =F32 -> 75.17 | AA32: =+IF(OR(A32="",A32="N"),0, IF(A32="U", IF(OR(AC32="I-we",AC32="I-ca",AC32="F"),"**I", IF(Y32>=R$23,"C", IF(Y32>=S$23,"C-","**D"))), IF(A32="PF", IF(OR(AC32="I-we",AC32="I-ca",AC32="F"),AC32, IF(Y32>=R$23,"C", IF(Y32>=S$23,"C-","**D"))), IF(A32="PI-ca",IF(AC32="I-we","DATA",IF(AC32="I-ca",AC32, IF(Y32>=R$23,"C", IF(Y32>=S$23,"C-",IF(Y32>=T$23,"D","DATA"))))),IF(A32="PI-we", IF(AC32="I-ca","DATA",IF(AC32="I-we",AC32,IF(Y32>=R$23,"C", IF(Y32>=S$23,"C-",IF(Y32>=T$23,"D","DATA")))) ))) ))) -> 0 | AC32: =IF(AND(H32>=$D$15*$H$24,G32>=$D$15*$G$24),IF(F32>=$O$23,IF(F32>=$K$23,"A+",IF(F32>=$L$23,"A",IF(F32>=$M$23,"A-",IF(F32>=$N$23,"B+","B")))),IF(F32<$T$23,"I",IF(F32<$S$23,"D",IF(F32<$R$23,"C-",IF(F32<$Q$23,"C",IF(F32<$P$23,"C+",IF(F32<$O$23,"B-","B"))))))),IF(AND(H32<$D$15*$H$24,G32<$D$15*$G$24),"F",IF(H32<$D$15*$H$24,"I-ca","I-we"))) -> A
B33: ='Detailed Marks'!A12 -> 210031H | C33: ='Detailed Marks'!B12 -> AMARASINGHE A.A.W.L.R. | E33: =+IF(AND(C33="",B33=""),"",IF(AA33=0,AC33,AA33)) -> A | F33: =G33+H33 -> 80.25 | G33: ='Detailed Marks'!L12/'Detailed Marks'!$L$3*'Final Marks'!$G$24 -> 25 | H33: =I33*H$24/I$24 -> 55.25 | I33: ='Detailed Marks'!M12 -> 55.25 | J33: =IF(I33/$I$24>=75,1,"") -> 1 | K33: =IF($D33="",IF($E33=K$24,1,0),IF($D33=K$24,1,0)) -> 0 | L33: =IF($D33="",IF($E33=L$24,1,0),IF($D33=L$24,1,0)) -> 1 | M33: =IF($D33="",IF($E33=M$24,1,0),IF($D33=M$24,1,0)) -> 0 | N33: =IF($D33="",IF($E33=N$24,1,0),IF($D33=N$24,1,0)) -> 0 | O33: =IF($D33="",IF($E33=O$24,1,0),IF($D33=O$24,1,0)) -> 0 | P33: =IF($D33="",IF($E33=P$24,1,0),IF($D33=P$24,1,0)) -> 0 | Q33: =IF($D33="",IF($E33=Q$24,1,0),IF($D33=Q$24,1,0)) -> 0 | R33: =IF($D33="",IF($E33=R$24,1,0),IF($D33=R$24,1,0)) -> 0 | ... T33: =IF($D33="",IF($E33=T$24,1,0),IF($D33=T$24,1,0)) -> 0 | U33: =IF($D33="",IF(LEFT($E33,1)=U$24,1,0),IF(LEFT($D33,1)=U$24,1,0)) -> 0 | V33: =IF($D33="",IF($E33=V$24,1,0),IF($D33=V$24,1,0)) -> 0 | W33: =IF($D33="",IF($E33=W$24,1,0),IF($D33=W$24,1,0)) -> 0 | Y33: =F33 -> 80.25 | AA33: =+IF(OR(A33="",A33="N"),0, IF(A33="U", IF(OR(AC33="I-we",AC33="I-ca",AC33="F"),"**I", IF(Y33>=R$23,"C", IF(Y33>=S$23,"C-","**D"))), IF(A33="PF", IF(OR(AC33="I-we",AC33="I-ca",AC33="F"),AC33, IF(Y33>=R$23,"C", IF(Y33>=S$23,"C-","**D"))), IF(A33="PI-ca",IF(AC33="I-we","DATA",IF(AC33="I-ca",AC33, IF(Y33>=R$23,"C", IF(Y33>=S$23,"C-",IF(Y33>=T$23,"D","DATA"))))),IF(A33="PI-we", IF(AC33="I-ca","DATA",IF(AC33="I-we",AC33,IF(Y33>=R$23,"C", IF(Y33>=S$23,"C-",IF(Y33>=T$23,"D","DATA")))) ))) ))) -> 0 | AC33: =IF(AND(H33>=$D$15*$H$24,G33>=$D$15*$G$24),IF(F33>=$O$23,IF(F33>=$K$23,"A+",IF(F33>=$L$23,"A",IF(F33>=$M$23,"A-",IF(F33>=$N$23,"B+","B")))),IF(F33<$T$23,"I",IF(F33<$S$23,"D",IF(F33<$R$23,"C-",IF(F33<$Q$23,"C",IF(F33<$P$23,"C+",IF(F33<$O$23,"B-","B"))))))),IF(AND(H33<$D$15*$H$24,G33<$D$15*$G$24),"F",IF(H33<$D$15*$H$24,"I-ca","I-we"))) -> A
B34: ='Detailed Marks'!A13 -> 210035A | C34: ='Detailed Marks'!B13 -> AMARASINGHE Y.W.S.P. | E34: =+IF(AND(C34="",B34=""),"",IF(AA34=0,AC34,AA34)) -> A | F34: =G34+H34 -> 80.97 | G34: ='Detailed Marks'!L13/'Detailed Marks'!$L$3*'Final Marks'!$G$24 -> 25.8 | H34: =I34*H$24/I$24 -> 55.17 | I34: ='Detailed Marks'!M13 -> 55.17 | J34: =IF(I34/$I$24>=75,1,"") -> 1 | K34: =IF($D34="",IF($E34=K$24,1,0),IF($D34=K$24,1,0)) -> 0 | L34: =IF($D34="",IF($E34=L$24,1,0),IF($D34=L$24,1,0)) -> 1 | M34: =IF($D34="",IF($E34=M$24,1,0),IF($D34=M$24,1,0)) -> 0 | N34: =IF($D34="",IF($E34=N$24,1,0),IF($D34=N$24,1,0)) -> 0 | O34: =IF($D34="",IF($E34=O$24,1,0),IF($D34=O$24,1,0)) -> 0 | P34: =IF($D34="",IF($E34=P$24,1,0),IF($D34=P$24,1,0)) -> 0 | Q34: =IF($D34="",IF($E34=Q$24,1,0),IF($D34=Q$24,1,0)) -> 0 | R34: =IF($D34="",IF($E34=R$24,1,0),IF($D34=R$24,1,0)) -> 0 | ... T34: =IF($D34="",IF($E34=T$24,1,0),IF($D34=T$24,1,0)) -> 0 | U34: =IF($D34="",IF(LEFT($E34,1)=U$24,1,0),IF(LEFT($D34,1)=U$24,1,0)) -> 0 | V34: =IF($D34="",IF($E34=V$24,1,0),IF($D34=V$24,1,0)) -> 0 | W34: =IF($D34="",IF($E34=W$24,1,0),IF($D34=W$24,1,0)) -> 0 | Y34: =F34 -> 80.97 | AA34: =+IF(OR(A34="",A34="N"),0, IF(A34="U", IF(OR(AC34="I-we",AC34="I-ca",AC34="F"),"**I", IF(Y34>=R$23,"C", IF(Y34>=S$23,"C-","**D"))), IF(A34="PF", IF(OR(AC34="I-we",AC34="I-ca",AC34="F"),AC34, IF(Y34>=R$23,"C", IF(Y34>=S$23,"C-","**D"))), IF(A34="PI-ca",IF(AC34="I-we","DATA",IF(AC34="I-ca",AC34, IF(Y34>=R$23,"C", IF(Y34>=S$23,"C-",IF(Y34>=T$23,"D","DATA"))))),IF(A34="PI-we", IF(AC34="I-ca","DATA",IF(AC34="I-we",AC34,IF(Y34>=R$23,"C", IF(Y34>=S$23,"C-",IF(Y34>=T$23,"D","DATA")))) ))) ))) -> 0 | AC34: =IF(AND(H34>=$D$15*$H$24,G34>=$D$15*$G$24),IF(F34>=$O$23,IF(F34>=$K$23,"A+",IF(F34>=$L$23,"A",IF(F34>=$M$23,"A-",IF(F34>=$N$23,"B+","B")))),IF(F34<$T$23,"I",IF(F34<$S$23,"D",IF(F34<$R$23,"C-",IF(F34<$Q$23,"C",IF(F34<$P$23,"C+",IF(F34<$O$23,"B-","B"))))))),IF(AND(H34<$D$15*$H$24,G34<$D$15*$G$24),"F",IF(H34<$D$15*$H$24,"I-ca","I-we"))) -> A
B35: ='Detailed Marks'!A14 -> 210036D | C35: ='Detailed Marks'!B14 -> AMARASURIYA G.N. | E35: =+IF(AND(C35="",B35=""),"",IF(AA35=0,AC35,AA35)) -> A- | F35: =G35+H35 -> 72.89 | G35: ='Detailed Marks'!L14/'Detailed Marks'!$L$3*'Final Marks'!$G$24 -> 19.6 | H35: =I35*H$24/I$24 -> 53.29 | I35: ='Detailed Marks'!M14 -> 53.29 | J35: =IF(I35/$I$24>=75,1,"") -> 1 | K35: =IF($D35="",IF($E35=K$24,1,0),IF($D35=K$24,1,0)) -> 0 | L35: =IF($D35="",IF($E35=L$24,1,0),IF($D35=L$24,1,0)) -> 0 | M35: =IF($D35="",IF($E35=M$24,1,0),IF($D35=M$24,1,0)) -> 1 | N35: =IF($D35="",IF($E35=N$24,1,0),IF($D35=N$24,1,0)) -> 0 | O35: =IF($D35="",IF($E35=O$24,1,0),IF($D35=O$24,1,0)) -> 0 | P35: =IF($D35="",IF($E35=P$24,1,0),IF($D35=P$24,1,0)) -> 0 | Q35: =IF($D35="",IF($E35=Q$24,1,0),IF($D35=Q$24,1,0)) -> 0 | R35: =IF($D35="",IF($E35=R$24,1,0),IF($D35=R$24,1,0)) -> 0 | ... T35: =IF($D35="",IF($E35=T$24,1,0),IF($D35=T$24,1,0)) -> 0 | U35: =IF($D35="",IF(LEFT($E35,1)=U$24,1,0),IF(LEFT($D35,1)=U$24,1,0)) -> 0 | V35: =IF($D35="",IF($E35=V$24,1,0),IF($D35=V$24,1,0)) -> 0 | W35: =IF($D35="",IF($E35=W$24,1,0),IF($D35=W$24,1,0)) -> 0 | Y35: =F35 -> 72.89 | AA35: =+IF(OR(A35="",A35="N"),0, IF(A35="U", IF(OR(AC35="I-we",AC35="I-ca",AC35="F"),"**I", IF(Y35>=R$23,"C", IF(Y35>=S$23,"C-","**D"))), IF(A35="PF", IF(OR(AC35="I-we",AC35="I-ca",AC35="F"),AC35, IF(Y35>=R$23,"C", IF(Y35>=S$23,"C-","**D"))), IF(A35="PI-ca",IF(AC35="I-we","DATA",IF(AC35="I-ca",AC35, IF(Y35>=R$23,"C", IF(Y35>=S$23,"C-",IF(Y35>=T$23,"D","DATA"))))),IF(A35="PI-we", IF(AC35="I-ca","DATA",IF(AC35="I-we",AC35,IF(Y35>=R$23,"C", IF(Y35>=S$23,"C-",IF(Y35>=T$23,"D","DATA")))) ))) ))) -> 0 | AC35: =IF(AND(H35>=$D$15*$H$24,G35>=$D$15*$G$24),IF(F35>=$O$23,IF(F35>=$K$23,"A+",IF(F35>=$L$23,"A",IF(F35>=$M$23,"A-",IF(F35>=$N$23,"B+","B")))),IF(F35<$T$23,"I",IF(F35<$S$23,"D",IF(F35<$R$23,"C-",IF(F35<$Q$23,"C",IF(F35<$P$23,"C+",IF(F35<$O$23,"B-","B"))))))),IF(AND(H35<$D$15*$H$24,G35<$D$15*$G$24),"F",IF(H35<$D$15*$H$24,"I-ca","I-we"))) -> A-
B36: ='Detailed Marks'!A15 -> 210037G | C36: ='Detailed Marks'!B15 -> AMARATHUNGA D.N. | E36: =+IF(AND(C36="",B36=""),"",IF(AA36=0,AC36,AA36)) -> A- | F36: =G36+H36 -> 72.17 | G36: ='Detailed Marks'!L15/'Detailed Marks'!$L$3*'Final Marks'!$G$24 -> 19 | H36: =I36*H$24/I$24 -> 53.17 | I36: ='Detailed Marks'!M15 -> 53.17 | J36: =IF(I36/$I$24>=75,1,"") -> 1 | K36: =IF($D36="",IF($E36=K$24,1,0),IF($D36=K$24,1,0)) -> 0 | L36: =IF($D36="",IF($E36=L$24,1,0),IF($D36=L$24,1,0)) -> 0 | M36: =IF($D36="",IF($E36=M$24,1,0),IF($D36=M$24,1,0)) -> 1 | N36: =IF($D36="",IF($E36=N$24,1,0),IF($D36=N$24,1,0)) -> 0 | O36: =IF($D36="",IF($E36=O$24,1,0),IF($D36=O$24,1,0)) -> 0 | P36: =IF($D36="",IF($E36=P$24,1,0),IF($D36=P$24,1,0)) -> 0 | Q36: =IF($D36="",IF($E36=Q$24,1,0),IF($D36=Q$24,1,0)) -> 0 | R36: =IF($D36="",IF($E36=R$24,1,0),IF($D36=R$24,1,0)) -> 0 | ... T36: =IF($D36="",IF($E36=T$24,1,0),IF($D36=T$24,1,0)) -> 0 | U36: =IF($D36="",IF(LEFT($E36,1)=U$24,1,0),IF(LEFT($D36,1)=U$24,1,0)) -> 0 | V36: =IF($D36="",IF($E36=V$24,1,0),IF($D36=V$24,1,0)) -> 0 | W36: =IF($D36="",IF($E36=W$24,1,0),IF($D36=W$24,1,0)) -> 0 | Y36: =F36 -> 72.17 | AA36: =+IF(OR(A36="",A36="N"),0, IF(A36="U", IF(OR(AC36="I-we",AC36="I-ca",AC36="F"),"**I", IF(Y36>=R$23,"C", IF(Y36>=S$23,"C-","**D"))), IF(A36="PF", IF(OR(AC36="I-we",AC36="I-ca",AC36="F"),AC36, IF(Y36>=R$23,"C", IF(Y36>=S$23,"C-","**D"))), IF(A36="PI-ca",IF(AC36="I-we","DATA",IF(AC36="I-ca",AC36, IF(Y36>=R$23,"C", IF(Y36>=S$23,"C-",IF(Y36>=T$23,"D","DATA"))))),IF(A36="PI-we", IF(AC36="I-ca","DATA",IF(AC36="I-we",AC36,IF(Y36>=R$23,"C", IF(Y36>=S$23,"C-",IF(Y36>=T$23,"D","DATA")))) ))) ))) -> 0 | AC36: =IF(AND(H36>=$D$15*$H$24,G36>=$D$15*$G$24),IF(F36>=$O$23,IF(F36>=$K$23,"A+",IF(F36>=$L$23,"A",IF(F36>=$M$23,"A-",IF(F36>=$N$23,"B+","B")))),IF(F36<$T$23,"I",IF(F36<$S$23,"D",IF(F36<$R$23,"C-",IF(F36<$Q$23,"C",IF(F36<$P$23,"C+",IF(F36<$O$23,"B-","B"))))))),IF(AND(H36<$D$15*$H$24,G36<$D$15*$G$24),"F",IF(H36<$D$15*$H$24,"I-ca","I-we"))) -> A-
... B125: ='Detailed Marks'!A104 -> 210732H | C125: ='Detailed Marks'!B104 -> WITHANAWASAM I.A. | E125: =+IF(AND(C125="",B125=""),"",IF(AA125=0,AC125,AA125)) -> A | F125: =G125+H125 -> 77.23 | G125: ='Detailed Marks'!L104/'Detailed Marks'!$L$3*'Final Marks'!$G$24 -> 23.6 | H125: =I125*H$24/I$24 -> 53.63 | I125: ='Detailed Marks'!M104 -> 53.63 | J125: =IF(I125/$I$24>=75,1,"") -> 1 | K125: =IF($D125="",IF($E125=K$24,1,0),IF($D125=K$24,1,0)) -> 0 | L125: =IF($D125="",IF($E125=L$24,1,0),IF($D125=L$24,1,0)) -> 1 | M125: =IF($D125="",IF($E125=M$24,1,0),IF($D125=M$24,1,0)) -> 0 | N125: =IF($D125="",IF($E125=N$24,1,0),IF($D125=N$24,1,0)) -> 0 | O125: =IF($D125="",IF($E125=O$24,1,0),IF($D125=O$24,1,0)) -> 0 | P125: =IF($D125="",IF($E125=P$24,1,0),IF($D125=P$24,1,0)) -> 0 | Q125: =IF($D125="",IF($E125=Q$24,1,0),IF($D125=Q$24,1,0)) -> 0 | R125: =IF($D125="",IF($E125=R$24,1,0),IF($D125=R$24,1,0)) -> 0 | ... T125: =IF($D125="",IF($E125=T$24,1,0),IF($D125=T$24,1,0)) -> 0 | U125: =IF($D125="",IF(LEFT($E125,1)=U$24,1,0),IF(LEFT($D125,1)=U$24,1,0)) -> 0 | V125: =IF($D125="",IF($E125=V$24,1,0),IF($D125=V$24,1,0)) -> 0 | W125: =IF($D125="",IF($E125=W$24,1,0),IF($D125=W$24,1,0)) -> 0 | Y125: =F125 -> 77.23 | AA125: =+IF(OR(A125="",A125="N"),0, IF(A125="U", IF(OR(AC125="I-we",AC125="I-ca",AC125="F"),"**I", IF(Y125>=R$23,"C", IF(Y125>=S$23,"C-","**D"))), IF(A125="PF", IF(OR(AC125="I-we",AC125="I-ca",AC125="F"),AC125, IF(Y125>=R$23,"C", IF(Y125>=S$23,"C-","**D"))), IF(A125="PI-ca",IF(AC125="I-we","DATA",IF(AC125="I-ca",AC125, IF(Y125>=R$23,"C", IF(Y125>=S$23,"C-",IF(Y125>=T$23,"D","DATA"))))),IF(A125="PI-we", IF(AC125="I-ca","DATA",IF(AC125="I-we",AC125,IF(Y125>=R$23,"C", IF(Y125>=S$23,"C-",IF(Y125>=T$23,"D","DATA")))) ))) ))) -> 0 | AC125: =IF(AND(H125>=$D$15*$H$24,G125>=$D$15*$G$24),IF(F125>=$O$23,IF(F125>=$K$23,"A+",IF(F125>=$L$23,"A",IF(F125>=$M$23,"A-",IF(F125>=$N$23,"B+","B")))),IF(F125<$T$23,"I",IF(F125<$S$23,"D",IF(F125<$R$23,"C-",IF(F125<$Q$23,"C",IF(F125<$P$23,"C+",IF(F125<$O$23,"B-","B"))))))),IF(AND(H125<$D$15*$H$24,G125<$D$15*$G$24),"F",IF(H125<$D$15*$H$24,"I-ca","I-we"))) -> A
B127: N - | C127: Academic concession
B128: PF - | C128: Previous attempt - Fail
B129: PI - | C129: Previous attempt - Incomplete
B130: U - | C130: Upgrade
B132: ** - | C132: Upgrade student, check the previous result

Sheet Detailed Marks
A1: Module Code :EN4554 | C1: Module : Deep Learning for Vision
A2: Index No | B2: Name | E2: Detail Marks of Exam | L2: Exam Total | M2: Continous Assessment
C3: 1 | D3: 2 | E3: 3 | F3: 4 | L3: 1 | M3: 0.6
A4: ='EN4554_Intake 2021_New BSc Eng.'!A2 -> 200370K | B4: ='EN4554_Intake 2021_New BSc Eng.'!B2 -> MADUWANTHA L.H.H. | C4: 19 | D4: 20 | E4: 7 | F4: 8 | G4: 12.5 | L4: =SUM(C4:K4) -> 66.5 | M4: =VLOOKUP($A4, Moodle!$D$2:$V$102, 19, FALSE) -> 48.42
A5: ='EN4554_Intake 2021_New BSc Eng.'!A3 -> 210003B | B5: ='EN4554_Intake 2021_New BSc Eng.'!B3 -> ABEWICKREMA A.S.J. | C5: 20 | D5: 13 | E5: 8 | F5: 5 | G5: 12.5 | L5: =SUM(C5:K5) -> 58.5 | M5: =VLOOKUP($A5, Moodle!$D$2:$V$102, 19, FALSE) -> 51.17
A6: ='EN4554_Intake 2021_New BSc Eng.'!A4 -> 210005H | B6: ='EN4554_Intake 2021_New BSc Eng.'!B4 -> ABEYRATHNA S.M.S.M.B. | C6: 12.5 | D6: 11 | E6: 11 | F6: 4 | G6: 12.5 | L6: =SUM(C6:K6) -> 51 | M6: =VLOOKUP($A6, Moodle!$D$2:$V$102, 19, FALSE) -> 51.25
A7: ='EN4554_Intake 2021_New BSc Eng.'!A5 -> 210014J | B7: ='EN4554_Intake 2021_New BSc Eng.'!B5 -> ABEYWARDANA K.D.W. | C7: 14 | D7: 10 | E7: 6 | F7: 14 | G7: 12.5 | L7: =SUM(C7:K7) -> 56.5 | M7: =VLOOKUP($A7, Moodle!$D$2:$V$102, 19, FALSE) -> 52.08
A8: ='EN4554_Intake 2021_New BSc Eng.'!A6 -> 210019E | B8: ='EN4554_Intake 2021_New BSc Eng.'!B6 -> ABITHAN A. | C8: 8.5 | D8: 11 | E8: 4 | F8: 6 | G8: 12.5 | L8: =SUM(C8:K8) -> 42 | M8: =VLOOKUP($A8, Moodle!$D$2:$V$102, 19, FALSE) -> 49.33
A9: ='EN4554_Intake 2021_New BSc Eng.'!A7 -> 210021D | B9: ='EN4554_Intake 2021_New BSc Eng.'!B7 -> ADIKARAM W.K.D.N.E. | C9: 12 | D9: 5 | E9: 8 | F9: 6 | G9: 12.5 | L9: =SUM(C9:K9) -> 43.5 | M9: =VLOOKUP($A9, Moodle!$D$2:$V$102, 19, FALSE) -> 48.88
A10: ='EN4554_Intake 2021_New BSc Eng.'!A8 -> 210022G | B10: ='EN4554_Intake 2021_New BSc Eng.'!B8 -> ADIKARI A.A.S.D. | C10: 17.5 | D10: 21 | E10: 14 | F10: 8 | G10: 12.5 | L10: =SUM(C10:K10) -> 73 | M10: =VLOOKUP($A10, Moodle!$D$2:$V$102, 19, FALSE) -> 53.17
A11: ='EN4554_Intake 2021_New BSc Eng.'!A9 -> 210027C | B11: ='EN4554_Intake 2021_New BSc Eng.'!B9 -> ALAHAKOON U.M.Y.B. | C11: 14.5 | D11: 18 | E11: 8 | F11: 13 | G11: 12.5 | L11: =SUM(C11:K11) -> 66 | M11: =VLOOKUP($A11, Moodle!$D$2:$V$102, 19, FALSE) -> 48.77
A12: ='EN4554_Intake 2021_New BSc Eng.'!A10 -> 210031H | B12: ='EN4554_Intake 2021_New BSc Eng.'!B10 -> AMARASINGHE A.A.W.L.R. | C12: 11 | D12: 17 | E12: 15 | F12: 7 | G12: 12.5 | L12: =SUM(C12:K12) -> 62.5 | M12: =VLOOKUP($A12, Moodle!$D$2:$V$102, 19, FALSE) -> 55.25
A13: ='EN4554_Intake 2021_New BSc Eng.'!A11 -> 210035A | B13: ='EN4554_Intake 2021_New BSc Eng.'!B11 -> AMARASINGHE Y.W.S.P. | C13: 15 | D13: 13 | E13: 16 | F13: 8 | G13: 12.5 | L13: =SUM(C13:K13) -> 64.5 | M13: =VLOOKUP($A13, Moodle!$D$2:$V$102, 19, FALSE) -> 55.17
A14: ='EN4554_Intake 2021_New BSc Eng.'!A12 -> 210036D | B14: ='EN4554_Intake 2021_New BSc Eng.'!B12 -> AMARASURIYA G.N. | C14: 11.5 | D14: 6 | E14: 8 | F14: 11 | G14: 12.5 | L14: =SUM(C14:K14) -> 49 | M14: =VLOOKUP($A14, Moodle!$D$2:$V$102, 19, FALSE) -> 53.29
A15: ='EN4554_Intake 2021_New BSc Eng.'!A13 -> 210037G | B15: ='EN4554_Intake 2021_New BSc Eng.'!B13 -> AMARATHUNGA D.N. | C15: 11 | D15: 8 | E15: 10 | F15: 6 | G15: 12.5 | L15: =SUM(C15:K15) -> 47.5 | M15: =VLOOKUP($A15, Moodle!$D$2:$V$102, 19, FALSE) -> 53.17
... A19: ='EN4554_Intake 2021_New BSc Eng.'!A17 -> 210075U | B19: ='EN4554_Intake 2021_New BSc Eng.'!B17 -> CHANDRAJITH B.P.L. | C19: 16.5 | D19: 18 | E19: 5 | F19: 4 | G19: 12.5 | L19: =SUM(C19:K19) -> 56 | M19: =VLOOKUP($A19, Moodle!$D$2:$V$102, 19, FALSE) -> 52.25
A20: ='EN4554_Intake 2021_New BSc Eng.'!A18 -> 210088L | B20: ='EN4554_Intake 2021_New BSc Eng.'!B18 -> COORAY P.L.L.K. | C20: 11.5 | D20: 5 | E20: 2 | F20: 9 | G20: 12.5 | H20: 0.2 | L20: =SUM(C20:K20) -> 40.2 | M20: =VLOOKUP($A20, Moodle!$D$2:$V$102, 19, FALSE) -> 53.42
A21: ='EN4554_Intake 2021_New BSc Eng.'!A19 -> 210089P | B21: ='EN4554_Intake 2021_New BSc Eng.'!B19 -> DABARE A.D.T. | C21: 15 | D21: 20 | E21: 13 | F21: 11 | G21: 12.5 | L21: =SUM(C21:K21) -> 71.5 | M21: =VLOOKUP($A21, Moodle!$D$2:$V$102, 19, FALSE) -> 50.29
A22: ='EN4554_Intake 2021_New BSc Eng.'!A20 -> 210095F | B22: ='EN4554_Intake 2021_New BSc Eng.'!B20 -> DASSANAYAKE D.M.T.K.R. | C22: 15 | D22: 17 | E22: 8 | F22: 10 | G22: 12.5 | L22: =SUM(C22:K22) -> 62.5 | M22: =VLOOKUP($A22, Moodle!$D$2:$V$102, 19, FALSE) -> 50.08
A23: ='EN4554_Intake 2021_New BSc Eng.'!A21 -> 210097M | B23: ='EN4554_Intake 2021_New BSc Eng.'!B21 -> DE SILVA A.N.T. | C23: 6 | D23: 3 | E23: 6 | F23: 9 | G23: 12.5 | L23: =SUM(C23:K23) -> 36.5 | M23: =VLOOKUP($A23, Moodle!$D$2:$V$102, 19, FALSE) -> 39.96
A24: ='EN4554_Intake 2021_New BSc Eng.'!A22 -> 210108C | B24: ='EN4554_Intake 2021_New BSc Eng.'!B22 -> DE ZOYSA A.K.N. | C24: 13.5 | D24: 12 | E24: 5 | F24: 4 | G24: 12.5 | L24: =SUM(C24:K24) -> 47 | M24: =VLOOKUP($A24, Moodle!$D$2:$V$102, 19, FALSE) -> 50.05
A25: ='EN4554_Intake 2021_New BSc Eng.'!A23 -> 210121J | B25: ='EN4554_Intake 2021_New BSc Eng.'!B23 -> DHARMADASA W.H.M.A.D. | C25: 10 | D25: 5 | E25: 6 | F25: 5 | G25: 12.5 | L25: =SUM(C25:K25) -> 38.5 | M25: =VLOOKUP($A25, Moodle!$D$2:$V$102, 19, FALSE) -> 36.04
A26: ='EN4554_Intake 2021_New BSc Eng.'!A24 -> 210130K | B26: ='EN4554_Intake 2021_New BSc Eng.'!B24 -> DILUSHANA H.M.P.S. | C26: 11.5 | D26: 5 | E26: 5 | F26: 3 | G26: 12.5 | L26: =SUM(C26:K26) -> 37 | M26: =VLOOKUP($A26, Moodle!$D$2:$V$102, 19, FALSE) -> 35.83
A27: ='EN4554_Intake 2021_New BSc Eng.'!A25 -> 210131N | B27: ='EN4554_Intake 2021_New BSc Eng.'!B25 -> DIMAGI D.H.P. | C27: 15 | D27: 18 | E27: 6 | F27: 17 | G27: 12.5 | L27: =SUM(C27:K27) -> 68.5 | M27: =VLOOKUP($A27, Moodle!$D$2:$V$102, 19, FALSE) -> 55.75
A28: ='EN4554_Intake 2021_New BSc Eng.'!A26 -> 210140P | B28: ='EN4554_Intake 2021_New BSc Eng.'!B26 -> DISSANAYAKA D.M.P.C. | C28: 15 | D28: 14 | E28: 8 | F28: 8 | G28: 12.5 | L28: =SUM(C28:K28) -> 57.5 | M28: =VLOOKUP($A28, Moodle!$D$2:$V$102, 19, FALSE) -> 50.75
A29: ='EN4554_Intake 2021_New BSc Eng.'!A27 -> 210141U | B29: ='EN4554_Intake 2021_New BSc Eng.'!B27 -> DISSANAYAKA D.M.S.P. | C29: 19.5 | D29: 13 | E29: 7 | F29: 2 | G29: 12.5 | L29: =SUM(C29:K29) -> 54 | M29: =VLOOKUP($A29, Moodle!$D$2:$V$102, 19, FALSE) -> 52.29
A30: ='EN4554_Intake 2021_New BSc Eng.'!A28 -> 210147T | B30: ='EN4554_Intake 2021_New BSc Eng.'!B28 -> DISSANAYAKE D.M.S.D. | C30: 10 | D30: 4 | E30: 6 | F30: 4 | G30: 12.5 | L30: =SUM(C30:K30) -> 36.5 | M30: =VLOOKUP($A30, Moodle!$D$2:$V$102, 19, FALSE) -> 42.54
A31: ='EN4554_Intake 2021_New BSc Eng.'!A29 -> 210150V | B31: ='EN4554_Intake 2021_New BSc Eng.'!B29 -> DODANGODA D.K.S.J. | C31: 8 | D31: 11 | E31: 10 | F31: 6 | G31: 12.5 | L31: =SUM(C31:K31) -> 47.5 | M31: =VLOOKUP($A31, Moodle!$D$2:$V$102, 19, FALSE) -> 47.05
A32: ='EN4554_Intake 2021_New BSc Eng.'!A30 -> 210152E | B32: ='EN4554_Intake 2021_New BSc Eng.'!B30 -> DULNATH W.H.R. | C32: 16.5 | D32: 3 | E32: 6 | F32: 3 | G32: 12.5 | H32: 0.3 | L32: =SUM(C32:K32) -> 41.3 | M32: =VLOOKUP($A32, Moodle!$D$2:$V$102, 19, FALSE) -> 43
A33: ='EN4554_Intake 2021_New BSc Eng.'!A31 -> 210153H | B33: ='EN4554_Intake 2021_New BSc Eng.'!B31 -> EDIRISINGHE E.A.D.D.D. | C33: 19.5 | D33: 13 | E33: 4 | F33: 3 | G33: 12.5 | L33: =SUM(C33:K33) -> 52 | M33: =VLOOKUP($A33, Moodle!$D$2:$V$102, 19, FALSE) -> 52.21
A34: ='EN4554_Intake 2021_New BSc Eng.'!A32 -> 210156U | B34: ='EN4554_Intake 2021_New BSc Eng.'!B32 -> EPA Y.L.A. | C34: 15.5 | D34: 17 | E34: 6 | F34: 6 | G34: 12.5 | L34: =SUM(C34:K34) -> 57 | M34: =VLOOKUP($A34, Moodle!$D$2:$V$102, 19, FALSE) -> 54.25
A35: ='EN4554_Intake 2021_New BSc Eng.'!A33 -> 210157A | B35: ='EN4554_Intake 2021_New BSc Eng.'!B33 -> EPA Y.R.A. | C35: 15.5 | D35: 18 | E35: 12 | F35: 10 | G35: 12.5 | L35: =SUM(C35:K35) -> 68 | M35: =VLOOKUP($A35, Moodle!$D$2:$V$102, 19, FALSE) -> 56.25
A36: ='EN4554_Intake 2021_New BSc Eng.'!A34 -> 210162J | B36: ='EN4554_Intake 2021_New BSc Eng.'!B34 -> FERNANDO N.I.S.P. | C36: 6 | D36: 9 | E36: 5 | F36: 4 | G36: 12.5 | L36: =SUM(C36:K36) -> 36.5 | M36: =VLOOKUP($A36, Moodle!$D$2:$V$102, 19, FALSE) -> 37.75
A37: ='EN4554_Intake 2021_New BSc Eng.'!A35 -> 210169L | B37: ='EN4554_Intake 2021_New BSc Eng.'!B35 -> FERNANDO W.W.R.N.S. | C37: 20 | D37: 18 | E37: 5 | F37: 13 | G37: 12.5 | L37: =SUM(C37:K37) -> 68.5 | M37: =VLOOKUP($A37, Moodle!$D$2:$V$102, 19, FALSE) -> 51.46
A38: ='EN4554_Intake 2021_New BSc Eng.'!A36 -> 210174X | B38: ='EN4554_Intake 2021_New BSc Eng.'!B36 -> GALLELLA M.M.H.H.B. | C38: 19 | D38: 11 | E38: 17 | F38: 16 | G38: 12.5 | L38: =SUM(C38:K38) -> 75.5 | M38: =VLOOKUP($A38, Moodle!$D$2:$V$102, 19, FALSE) -> 58.79
A39: ='EN4554_Intake 2021_New BSc Eng.'!A37 -> 210179R | B39: ='EN4554_Intake 2021_New BSc Eng.'!B37 -> GAMMUNE D.J.T. | C39: 13.5 | D39: 15 | E39: 15 | F39: 12 | G39: 12.5 | L39: =SUM(C39:K39) -> 68 | M39: =VLOOKUP($A39, Moodle!$D$2:$V$102, 19, FALSE) -> 51.54
A40: ='EN4554_Intake 2021_New BSc Eng.'!A38 -> 210199D | B40: ='EN4554_Intake 2021_New BSc Eng.'!B38 -> GUNAWARDANA W.N.M. | C40: 14 | D40: 16 | E40: 8 | F40: 7 | G40: 12.5 | L40: =SUM(C40:K40) -> 57.5 | M40: =VLOOKUP($A40, Moodle!$D$2:$V$102, 19, FALSE) -> 49.38
A41: ='EN4554_Intake 2021_New BSc Eng.'!A39 -> 210200C | B41: ='EN4554_Intake 2021_New BSc Eng.'!B39 -> GUNAWARDANE E.R.N.H. | C41: 17.5 | D41: 16 | E41: 13 | F41: 11 | G41: 12.5 | L41: =SUM(C41:K41) -> 70 | M41: =VLOOKUP($A41, Moodle!$D$2:$V$102, 19, FALSE) -> 53.33
A42: ='EN4554_Intake 2021_New BSc Eng.'!A40 -> 210204R | B42: ='EN4554_Intake 2021_New BSc Eng.'!B40 -> HANSINDU K.A.A. | C42: 19 | D42: 14 | E42: 10 | F42: 5 | G42: 12.5 | L42: =SUM(C42:K42) -> 60.5 | M42: =VLOOKUP($A42, Moodle!$D$2:$V$102, 19, FALSE) -> 55.42
A43: ='EN4554_Intake 2021_New BSc Eng.'!A41 -> 210212N | B43: ='EN4554_Intake 2021_New BSc Eng.'!B41 -> HERATH B.H.M.K.S.B. | C43: 15.5 | D43: 17 | E43: 5 | F43: 17 | G43: 12.5 | L43: =SUM(C43:K43) -> 67 | M43: =VLOOKUP($A43, Moodle!$D$2:$V$102, 19, FALSE) -> 54
A44: ='EN4554_Intake 2021_New BSc Eng.'!A42 -> 210215C | B44: ='EN4554_Intake 2021_New BSc Eng.'!B42 -> HERATH H.M.D.P. | C44: 8.5 | D44: 10 | E44: 6 | F44: 7 | G44: 12.5 | L44: =SUM(C44:K44) -> 44 | M44: =VLOOKUP($A44, Moodle!$D$2:$V$102, 19, FALSE) -> 51.96
... A53: ='EN4554_Intake 2021_New BSc Eng.'!A51 -> 210269T | B53: ='EN4554_Intake 2021_New BSc Eng.'!B51 -> KALUNAYAKA K.A.A.K.L. | C53: 12.5 | D53: 11 | E53: 2 | F53: 6 | G53: 12.5 | L53: =SUM(C53:K53) -> 44 | M53: =VLOOKUP($A53, Moodle!$D$2:$V$102, 19, FALSE) -> 43.29
A54: ='EN4554_Intake 2021_New BSc Eng.'!A52 -> 210272V | B54: ='EN4554_Intake 2021_New BSc Eng.'!B52 -> KARAVITA K.V.D.T.N. | C54: 19.5 | D54: 17 | E54: 11 | F54: 15 | G54: 12.5 | H54: 1 | L54: =SUM(C54:K54) -> 76 | M54: =VLOOKUP($A54, Moodle!$D$2:$V$102, 19, FALSE) -> 54.1
A55: ='EN4554_Intake 2021_New BSc Eng.'!A53 -> 210286R | B55: ='EN4554_Intake 2021_New BSc Eng.'!B53 -> KELAART D.J. | C55: 10 | D55: 5 | E55: 4 | F55: 0 | G55: 16 | L55: =SUM(C55:K55) -> 35 | M55: =VLOOKUP($A55, Moodle!$D$2:$V$102, 19, FALSE) -(G55-11)/4*6 -> 29.17
A56: ='EN4554_Intake 2021_New BSc Eng.'!A54 -> 210292G | B56: ='EN4554_Intake 2021_New BSc Eng.'!B54 -> KIRUSHANTH G. | C56: 18 | D56: 16 | E56: 10 | F56: 4 | G56: 12.5 | L56: =SUM(C56:K56) -> 60.5 | M56: =VLOOKUP($A56, Moodle!$D$2:$V$102, 19, FALSE) -> 45.75
A57: ='EN4554_Intake 2021_New BSc Eng.'!A55 -> 210293K | B57: ='EN4554_Intake 2021_New BSc Eng.'!B55 -> KODIKARA U.S.S. | C57: 21 | D57: 18 | E57: 9 | F57: 15 | G57: 12.5 | H57: 0.3 | L57: =SUM(C57:K57) -> 75.8 | M57: =VLOOKUP($A57, Moodle!$D$2:$V$102, 19, FALSE) -> 54.21
A58: ='EN4554_Intake 2021_New BSc Eng.'!A56 -> 210294N | B58: ='EN4554_Intake 2021_New BSc Eng.'!B56 -> KODITHUWAKKU J.N. | C58: 16 | D58: 17 | E58: 8 | F58: 15 | G58: 12.5 | L58: =SUM(C58:K58) -> 68.5 | M58: =VLOOKUP($A58, Moodle!$D$2:$V$102, 19, FALSE) -> 50.17
A59: ='EN4554_Intake 2021_New BSc Eng.'!A57 -> 210303U | B59: ='EN4554_Intake 2021_New BSc Eng.'!B57 -> KULASINGHAM P.N. | C59: 12.5 | D59: 14 | E59: 8 | F59: 6 | G59: 12.5 | L59: =SUM(C59:K59) -> 53 | M59: =VLOOKUP($A59, Moodle!$D$2:$V$102, 19, FALSE) -> 52.29
A60: ='EN4554_Intake 2021_New BSc Eng.'!A58 -> 210311R | B60: ='EN4554_Intake 2021_New BSc Eng.'!B58 -> KUMARA R.P.D.R. | C60: 13 | D60: 9 | E60: 7 | F60: 3 | G60: 12.5 | L60: =SUM(C60:K60) -> 44.5 | M60: =VLOOKUP($A60, Moodle!$D$2:$V$102, 19, FALSE) -> 38.88
A61: ='EN4554_Intake 2021_New BSc Eng.'!A59 -> 210325M | B61: ='EN4554_Intake 2021_New BSc Eng.'!B59 -> KURUPPU M.P | C61: 15.5 | D61: 15 | E61: 7 | F61: 11 | G61: 12.5 | L61: =SUM(C61:K61) -> 61 | M61: =VLOOKUP($A61, Moodle!$D$2:$V$102, 19, FALSE) -> 53
A62: ='EN4554_Intake 2021_New BSc Eng.'!A60 -> 210341H | B62: ='EN4554_Intake 2021_New BSc Eng.'!B60 -> LIYANAARACHCHI L.A.S. | C62: 10 | D62: 18 | E62: 12 | F62: 1 | G62: 12.5 | L62: =SUM(C62:K62) -> 53.5 | M62: =VLOOKUP($A62, Moodle!$D$2:$V$102, 19, FALSE) -> 52.13
A63: ='EN4554_Intake 2021_New BSc Eng.'!A61 -> 210344U | B63: ='EN4554_Intake 2021_New BSc Eng.'!B61 -> LIYANAGE P.L.D.S.K. | C63: 15 | D63: 14 | E63: 13 | F63: 8 | G63: 12.5 | L63: =SUM(C63:K63) -> 62.5 | M63: =VLOOKUP($A63, Moodle!$D$2:$V$102, 19, FALSE) -> 48
A64: ='EN4554_Intake 2021_New BSc Eng.'!A62 -> 210346D | B64: ='EN4554_Intake 2021_New BSc Eng.'!B62 -> LOKUDADALLA L.D.S.D. | C64: 16.5 | D64: 11 | E64: 6 | F64: 12 | G64: 12.5 | L64: =SUM(C64:K64) -> 58 | M64: =VLOOKUP($A64, Moodle!$D$2:$V$102, 19, FALSE) -> 53.88
A65: ='EN4554_Intake 2021_New BSc Eng.'!A63 -> 210349N | B65: ='EN4554_Intake 2021_New BSc Eng.'!B63 -> MADHUSHAN I.D. | C65: 13 | D65: 13 | E65: 10 | F65: 6 | G65: 12.5 | L65: =SUM(C65:K65) -> 54.5 | M65: =VLOOKUP($A65, Moodle!$D$2:$V$102, 19, FALSE) -> 48.29
A66: ='EN4554_Intake 2021_New BSc Eng.'!A64 -> 210378C | B66: ='EN4554_Intake 2021_New BSc Eng.'!B64 -> MAPALAGAMA O.N. | C66: 11 | D66: 8 | E66: 8 | F66: 5 | G66: 12.5 | L66: =SUM(C66:K66) -> 44.5 | M66: =VLOOKUP($A66, Moodle!$D$2:$V$102, 19, FALSE) -> 46.05
A67: ='EN4554_Intake 2021_New BSc Eng.'!A65 -> 210391J | B67: ='EN4554_Intake 2021_New BSc Eng.'!B65 -> MORAWAKGODA M.K.I.G. | C67: 15.5 | D67: 14 | E67: 11 | F67: 9 | G67: 12.5 | L67: =SUM(C67:K67) -> 62 | M67: =VLOOKUP($A67, Moodle!$D$2:$V$102, 19, FALSE) -> 52.25
A68: ='EN4554_Intake 2021_New BSc Eng.'!A66 -> 210418C | B68: ='EN4554_Intake 2021_New BSc Eng.'!B66 -> NAYANTHARA J.N.P. | C68: 15.5 | D68: 19 | E68: 14 | F68: 12 | G68: 12.5 | H68: 0.1 | L68: =SUM(C68:K68) -> 73.1 | M68: =VLOOKUP($A68, Moodle!$D$2:$V$102, 19, FALSE) -> 55.29
A69: ='EN4554_Intake 2021_New BSc Eng.'!A67 -> 210433R | B69: ='EN4554_Intake 2021_New BSc Eng.'!B67 -> NIROSHAN E.M.A.R. | C69: 8 | D69: 9 | E69: 2 | F69: 7 | G69: 12.5 | L69: =SUM(C69:K69) -> 38.5 | M69: =VLOOKUP($A69, Moodle!$D$2:$V$102, 19, FALSE) -> 50.54
A70: ='EN4554_Intake 2021_New BSc Eng.'!A68 -> 210436E | B70: ='EN4554_Intake 2021_New BSc Eng.'!B68 -> NIROSHANA H.K.Y. | C70: 18 | D70: 16 | E70: 10 | F70: 9 | G70: 12.5 | L70: =SUM(C70:K70) -> 65.5 | M70: =VLOOKUP($A70, Moodle!$D$2:$V$102, 19, FALSE) -> 45
A71: ='EN4554_Intake 2021_New BSc Eng.'!A69 -> 210452A | B71: ='EN4554_Intake 2021_New BSc Eng.'!B69 -> PATHIRANA S.M.V. | C71: 13 | D71: 15 | E71: 3 | F71: 6 | G71: 12.5 | L71: =SUM(C71:K71) -> 49.5 | M71: =VLOOKUP($A71, Moodle!$D$2:$V$102, 19, FALSE) -> 48.25
A72: ='EN4554_Intake 2021_New BSc Eng.'!A70 -> 210454G | B72: ='EN4554_Intake 2021_New BSc Eng.'!B70 -> PEIRIS D.L.C.J. | C72: 8.5 | D72: 9 | E72: 5 | F72: 5 | G72: 12.5 | L72: =SUM(C72:K72) -> 40 | M72: =VLOOKUP($A72, Moodle!$D$2:$V$102, 19, FALSE) -> 47.88
A73: ='EN4554_Intake 2021_New BSc Eng.'!A71 -> 210463H | B73: ='EN4554_Intake 2021_New BSc Eng.'!B71 -> PERERA L.C.S. | C73: 11.5 | D73: 5 | E73: 12 | F73: 10 | G73: 12.5 | L73: =SUM(C73:K73) -> 51 | M73: =VLOOKUP($A73, Moodle!$D$2:$V$102, 19, FALSE) -> 50.75
A74: ='EN4554_Intake 2021_New BSc Eng.'!A72 -> 210465P | B74: ='EN4554_Intake 2021_New BSc Eng.'!B72 -> PERERA M.D.B. | C74: 15.5 | D74: 17 | E74: 10 | F74: 6 | G74: 12.5 | H74: 1 | L74: =SUM(C74:K74) -> 62 | M74: =VLOOKUP($A74, Moodle!$D$2:$V$102, 19, FALSE) -> 49.71
A75: ='EN4554_Intake 2021_New BSc Eng.'!A73 -> 210476B | B75: ='EN4554_Intake 2021_New BSc Eng.'!B73 -> PIRAGASH P. | C75: 9 | D75: 10 | E75: 2 | F75: 4 | G75: 12.5 | L75: =SUM(C75:K75) -> 37.5 | M75: =VLOOKUP($A75, Moodle!$D$2:$V$102, 19, FALSE) -> 45.75
A76: ='EN4554_Intake 2021_New BSc Eng.'!A74 -> 210479L | B76: ='EN4554_Intake 2021_New BSc Eng.'!B74 -> PITIWADUGE R.P. | C76: 16 | D76: 19 | E76: 16 | F76: 9 | G76: 12.5 | L76: =SUM(C76:K76) -> 72.5 | M76: =VLOOKUP($A76, Moodle!$D$2:$V$102, 19, FALSE) -> 48.75
A77: ='EN4554_Intake 2021_New BSc Eng.'!A75 -> 210486F | B77: ='EN4554_Intake 2021_New BSc Eng.'!B75 -> PRABHASHANA M.R.M. | C77: 7 | D77: 10 | E77: 6 | F77: 7 | G77: 12.5 | L77: =SUM(C77:K77) -> 42.5 | M77: =VLOOKUP($A77, Moodle!$D$2:$V$102, 19, FALSE) -> 48.19
A78: ='EN4554_Intake 2021_New BSc Eng.'!A76 -> 210490L | B78: ='EN4554_Intake 2021_New BSc Eng.'!B76 -> PRABODHA K.P.K.A. | C78: 18 | D78: 14 | E78: 5 | F78: 5 | G78: 12.5 | L78: =SUM(C78:K78) -> 54.5 | M78: =VLOOKUP($A78, Moodle!$D$2:$V$102, 19, FALSE) -> 55.04
A79: ='EN4554_Intake 2021_New BSc Eng.'!A77 -> 210498T | B79: ='EN4554_Intake 2021_New BSc Eng.'!B77 -> PRIYANKAN V. | C79: 12.5 | D79: 14 | E79: 6 | F79: 5 | G79: 12.5 | L79: =SUM(C79:K79) -> 50 | M79: =VLOOKUP($A79, Moodle!$D$2:$V$102, 19, FALSE) -> 46.38
A80: ='EN4554_Intake 2021_New BSc Eng.'!A78 -> 210503H | B80: ='EN4554_Intake 2021_New BSc Eng.'!B78 -> RAJAPAKSHA I.P.D.D. | C80: 12 | D80: 12 | E80: 8 | F80: 8 | G80: 12.5 | L80: =SUM(C80:K80) -> 52.5 | M80: =VLOOKUP($A80, Moodle!$D$2:$V$102, 19, FALSE) -> 50.33
A81: ='EN4554_Intake 2021_New BSc Eng.'!A79 -> 210504L | B81: ='EN4554_Intake 2021_New BSc Eng.'!B79 -> RAJAPAKSHA N.N. | C81: 20 | D81: 17 | E81: 17 | F81: 15 | G81: 12.5 | L81: =SUM(C81:K81) -> 81.5 | M81: =VLOOKUP($A81, Moodle!$D$2:$V$102, 19, FALSE) -> 53.38
A82: ='EN4554_Intake 2021_New BSc Eng.'!A80 -> 210512J | B82: ='EN4554_Intake 2021_New BSc Eng.'!B80 -> RAMANAYAKE R.P.G.K. | C82: 15 | D82: 14 | E82: 8 | F82: 2 | G82: 12.5 | L82: =SUM(C82:K82) -> 51.5 | M82: =VLOOKUP($A82, Moodle!$D$2:$V$102, 19, FALSE) -> 49.31
A83: ='EN4554_Intake 2021_New BSc Eng.'!A81 -> 210533A | B83: ='EN4554_Intake 2021_New BSc Eng.'!B81 -> RATHNAMALALA T.N.S. | C83: 9 | D83: 4 | E83: 9 | F83: 4 | G83: 12.5 | L83: =SUM(C83:K83) -> 38.5 | M83: =VLOOKUP($A83, Moodle!$D$2:$V$102, 19, FALSE) -> 43.54
A84: ='EN4554_Intake 2021_New BSc Eng.'!A82 -> 210542B | B84: ='EN4554_Intake 2021_New BSc Eng.'!B82 -> RATNAYAKE R.M.L.H. | C84: 20.5 | D84: 18 | E84: 13 | F84: 9 | G84: 12.5 | L84: =SUM(C84:K84) -> 73 | M84: =VLOOKUP($A84, Moodle!$D$2:$V$102, 19, FALSE) -> 55.62
A85: ='EN4554_Intake 2021_New BSc Eng.'!A83 -> 210557B | B85: ='EN4554_Intake 2021_New BSc Eng.'!B83 -> SAMARANAYAKE G.D.C. | C85: 13.5 | D85: 18 | E85: 10 | F85: 13 | G85: 12.5 | L85: =SUM(C85:K85) -> 67 | M85: =VLOOKUP($A85, Moodle!$D$2:$V$102, 19, FALSE) -> 48.39
A86: ='EN4554_Intake 2021_New BSc Eng.'!A84 -> 210559H | B86: ='EN4554_Intake 2021_New BSc Eng.'!B84 -> SAMARANAYAKE M.A.S. | C86: 9 | D86: 14 | E86: 7 | F86: 11 | G86: 12.5 | L86: =SUM(C86:K86) -> 53.5 | M86: =VLOOKUP($A86, Moodle!$D$2:$V$102, 19, FALSE) -> 48.23
... A98: ='EN4554_Intake 2021_New BSc Eng.'!A96 -> 210668P | B98: ='EN4554_Intake 2021_New BSc Eng.'!B96 -> VIDMAL H.V.P. | C98: 13 | D98: 18 | E98: 9 | F98: 16 | G98: 12.5 | L98: =SUM(C98:K98) -> 68.5 | M98: =VLOOKUP($A98, Moodle!$D$2:$V$102, 19, FALSE) -> 53.75
A99: ='EN4554_Intake 2021_New BSc Eng.'!A97 -> 210679B | B99: ='EN4554_Intake 2021_New BSc Eng.'!B97 -> WANNIARACHCHI W.A.D.N.M. | C99: 13.5 | D99: 9 | E99: 4 | F99: 14 | G99: 12.5 | H99: 0.1 | L99: =SUM(C99:K99) -> 53.1 | M99: =VLOOKUP($A99, Moodle!$D$2:$V$102, 19, FALSE) -> 53.29
A100: ='EN4554_Intake 2021_New BSc Eng.'!A98 -> 210699K | B100: ='EN4554_Intake 2021_New BSc Eng.'!B98 -> WICKRAMAARACHCHI W.C.A. | C100: 15.5 | D100: 6 | E100: 6 | F100: 8 | G100: 12.5 | L100: =SUM(C100:K100) -> 48 | M100: =VLOOKUP($A100, Moodle!$D$2:$V$102, 19, FALSE) -> 47.13
A101: ='EN4554_Intake 2021_New BSc Eng.'!A99 -> 210703V | B101: ='EN4554_Intake 2021_New BSc Eng.'!B99 -> WICKRAMARATHNE M.P. | C101: 15.5 | D101: 17 | E101: 6 | F101: 12 | G101: 12.5 | L101: =SUM(C101:K101) -> 63 | M101: =VLOOKUP($A101, Moodle!$D$2:$V$102, 19, FALSE) -> 55.29
A102: ='EN4554_Intake 2021_New BSc Eng.'!A100 -> 210705E | B102: ='EN4554_Intake 2021_New BSc Eng.'!B100 -> WICKRAMASINGHA M.P.D.N. | C102: 12.5 | D102: 15 | E102: 11 | F102: 3 | G102: 12.5 | L102: =SUM(C102:K102) -> 54 | M102: =VLOOKUP($A102, Moodle!$D$2:$V$102, 19, FALSE) -> 50.83
A103: ='EN4554_Intake 2021_New BSc Eng.'!A101 -> 210720U | B103: ='EN4554_Intake 2021_New BSc Eng.'!B101 -> WIJESINGHE C.D. | C103: 17.5 | D103: 21 | E103: 15 | F103: 16 | G103: 12.5 | L103: =SUM(C103:K103) -> 82 | M103: =VLOOKUP($A103, Moodle!$D$2:$V$102, 19, FALSE) -> 53.83
A104: ='EN4554_Intake 2021_New BSc Eng.'!A102 -> 210732H | B104: ='EN4554_Intake 2021_New BSc Eng.'!B102 -> WITHANAWASAM I.A. | C104: 13.5 | D104: 16 | E104: 9 | F104: 8 | G104: 12.5 | L104: =SUM(C104:K104) -> 59 | M104: =VLOOKUP($A104, Moodle!$D$2:$V$102, 19, FALSE) -> 53.63

Sheet EN4554_Intake 2021_New BSc Eng.
A1: Registration Number | B1: Name With Initials | C1: WE (100%) | D1: CA (100%) | E1: Registered For
A2: 200370K | B2: MADUWANTHA L.H.H. | C2: ='Detailed Marks'!L4 -> 66.5 | D2: ='Detailed Marks'!M4/60*100 -> 80.7
A3: 210003B | B3: ABEWICKREMA A.S.J. | C3: ='Detailed Marks'!L5 -> 58.5 | D3: ='Detailed Marks'!M5/60*100 -> 85.283333
A4: 210005H | B4: ABEYRATHNA S.M.S.M.B. | C4: ='Detailed Marks'!L6 -> 51 | D4: ='Detailed Marks'!M6/60*100 -> 85.416667
A5: 210014J | B5: ABEYWARDANA K.D.W. | C5: ='Detailed Marks'!L7 -> 56.5 | D5: ='Detailed Marks'!M7/60*100 -> 86.8
A6: 210019E | B6: ABITHAN A. | C6: ='Detailed Marks'!L8 -> 42 | D6: ='Detailed Marks'!M8/60*100 -> 82.216667
A7: 210021D | B7: ADIKARAM W.K.D.N.E. | C7: ='Detailed Marks'!L9 -> 43.5 | D7: ='Detailed Marks'!M9/60*100 -> 81.466667
A8: 210022G | B8: ADIKARI A.A.S.D. | C8: ='Detailed Marks'!L10 -> 73 | D8: ='Detailed Marks'!M10/60*100 -> 88.616667
A9: 210027C | B9: ALAHAKOON U.M.Y.B. | C9: ='Detailed Marks'!L11 -> 66 | D9: ='Detailed Marks'!M11/60*100 -> 81.283333
A10: 210031H | B10: AMARASINGHE A.A.W.L.R. | C10: ='Detailed Marks'!L12 -> 62.5 | D10: ='Detailed Marks'!M12/60*100 -> 92.083333
A11: 210035A | B11: AMARASINGHE Y.W.S.P. | C11: ='Detailed Marks'!L13 -> 64.5 | D11: ='Detailed Marks'!M13/60*100 -> 91.95
A12: 210036D | B12: AMARASURIYA G.N. | C12: ='Detailed Marks'!L14 -> 49 | D12: ='Detailed Marks'!M14/60*100 -> 88.816667
A13: 210037G | B13: AMARATHUNGA D.N. | C13: ='Detailed Marks'!L15 -> 47.5 | D13: ='Detailed Marks'!M15/60*100 -> 88.616667
... A102: 210732H | B102: WITHANAWASAM I.A. | C102: ='Detailed Marks'!L104 -> 59 | D102: ='Detailed Marks'!M104/60*100 -> 89.383333

Sheet Marks Addition
A1: Module Code :EN1060 | C1: Module : Signals and Systems
A2: Index No | B2: Name | E2: Detail Marks of Exam | S2: Exam Total | T2: Sum
C3: 1a | D3: 1b | E3: 1c | F3: 1d | G3: 2a | H3: 2b | I3: 2c | J3: 2d | K3: 3a | L3: 3b | M3: 3c | N3: 3d | O3: 4a | P3: 4b | Q3: 4c | R3: 4d | S3: 1
A4: ='Detailed Marks'!A4 -> 200370K | B4: ='Detailed Marks'!B4 -> MADUWANTHA L.H.H. | C4: 3 | D4: 3 | E4: 8 | F4: 5 | G4: 9 | H4: 4 | I4: 3 | J4: 4 | K4: 1 | L4: 4 | M4: 1 | N4: 1 | O4: 5 | P4: 2 | Q4: 1 | R4: 0 | S4: =SUM(C4:R4) -> 54 | T4: ='Detailed Marks'!L4 -> 66.5
A5: ='Detailed Marks'!A5 -> 210003B | B5: ='Detailed Marks'!B5 -> ABEWICKREMA A.S.J. | C5: 2 | D5: 4 | E5: 8 | F5: 6 | G5: 8 | H5: 1 | I5: 2 | J5: 2 | K5: 0 | L5: 8 | M5: 0 | N5: 0 | O5: 3 | P5: 2 | Q5: 0 | R5: 0 | S5: =SUM(C5:R5) -> 46 | T5: ='Detailed Marks'!L5 -> 58.5
A6: ='Detailed Marks'!A6 -> 210005H | B6: ='Detailed Marks'!B6 -> ABEYRATHNA S.M.S.M.B. | C6: 3.5 | D6: 0 | E6: 3 | F6: 6 | G6: 5 | H6: 1 | I6: 2 | J6: 3 | K6: 2 | L6: 8 | M6: 1 | N6: 0 | O6: 1 | P6: 3 | Q6: 0 | R6: 0 | S6: =SUM(C6:R6) -> 38.5 | T6: ='Detailed Marks'!L6 -> 51
A7: ='Detailed Marks'!A7 -> 210014J | B7: ='Detailed Marks'!B7 -> ABEYWARDANA K.D.W. | C7: 3 | D7: 3 | E7: 4 | F7: 4 | G7: 1 | H7: 5 | I7: 2 | J7: 2 | K7: 3 | L7: 0 | M7: 1 | N7: 2 | O7: 3 | P7: 5 | Q7: 3 | R7: 3 | S7: =SUM(C7:R7) -> 44 | T7: ='Detailed Marks'!L7 -> 56.5
A8: ='Detailed Marks'!A8 -> 210019E | B8: ='Detailed Marks'!B8 -> ABITHAN A. | C8: 0.5 | D8: 0 | E8: 4 | F8: 4 | G8: 4 | H8: 2 | I8: 2 | J8: 3 | K8: 1 | L8: 2 | M8: 0 | N8: 1 | O8: 2 | P8: 3 | Q8: 1 | R8: 0 | S8: =SUM(C8:R8) -> 29.5 | T8: ='Detailed Marks'!L8 -> 42
A9: ='Detailed Marks'!A9 -> 210021D | B9: ='Detailed Marks'!B9 -> ADIKARAM W.K.D.N.E. | C9: 3 | D9: 2 | E9: 3 | F9: 4 | G9: 0 | H9: 3 | I9: 0 | J9: 2 | K9: 4 | L9: 0 | M9: 2 | N9: 2 | O9: 3 | P9: 2 | Q9: 1 | R9: 0 | S9: =SUM(C9:R9) -> 31 | T9: ='Detailed Marks'!L9 -> 43.5
A10: ='Detailed Marks'!A10 -> 210022G | B10: ='Detailed Marks'!B10 -> ADIKARI A.A.S.D. | C10: 1.5 | D10: 5 | E10: 7 | F10: 4 | G10: 9 | H10: 6 | I10: 3 | J10: 3 | K10: 4 | L10: 6 | M10: 2 | N10: 2 | O10: 2 | P10: 2 | Q10: 3 | R10: 1 | S10: =SUM(C10:R10) -> 60.5 | T10: ='Detailed Marks'!L10 -> 73
A11: ='Detailed Marks'!A11 -> 210027C | B11: ='Detailed Marks'!B11 -> ALAHAKOON U.M.Y.B. | C11: 1.5 | D11: 2 | E11: 7 | F11: 4 | G11: 8 | H11: 6 | I11: 2 | J11: 2 | K11: 2 | L11: 1 | M11: 1 | N11: 4 | O11: 3 | P11: 6 | Q11: 3 | R11: 1 | S11: =SUM(C11:R11) -> 53.5 | T11: ='Detailed Marks'!L11 -> 66
A12: ='Detailed Marks'!A12 -> 210031H | B12: ='Detailed Marks'!B12 -> AMARASINGHE A.A.W.L.R. | C12: 2 | D12: 0 | E12: 5 | F12: 4 | G12: 9 | H12: 2 | I12: 2 | J12: 4 | K12: 3 | L12: 6 | M12: 2 | N12: 4 | O12: 3 | P12: 3 | Q12: 1 | R12: 0 | S12: =SUM(C12:R12) -> 50 | T12: ='Detailed Marks'!L12 -> 62.5
A13: ='Detailed Marks'!A13 -> 210035A | B13: ='Detailed Marks'!B13 -> AMARASINGHE Y.W.S.P. | C13: 2 | D13: 4 | E13: 5 | F13: 4 | G13: 9 | H13: 0 | I13: 2 | J13: 2 | K13: 2 | L13: 6 | M13: 4 | N13: 4 | O13: 2 | P13: 3 | Q13: 2 | R13: 1 | S13: =SUM(C13:R13) -> 52 | T13: ='Detailed Marks'!L13 -> 64.5
A14: ='Detailed Marks'!A14 -> 210036D | B14: ='Detailed Marks'!B14 -> AMARASURIYA G.N. | C14: 1.5 | D14: 0 | E14: 5 | F14: 5 | G14: 0 | H14: 3 | I14: 2 | J14: 1 | K14: 3 | L14: 0 | M14: 1 | N14: 4 | O14: 3 | P14: 3 | Q14: 3 | R14: 2 | S14: =SUM(C14:R14) -> 36.5 | T14: ='Detailed Marks'!L14 -> 49
A15: ='Detailed Marks'!A15 -> 210037G | B15: ='Detailed Marks'!B15 -> AMARATHUNGA D.N. | C15: 0 | D15: 2 | E15: 5 | F15: 4 | G15: 0 | H15: 3 | I15: 2 | J15: 3 | K15: 2 | L15: 4 | M15: 1 | N15: 3 | O15: 2 | P15: 3 | Q15: 1 | R15: 0 | S15: =SUM(C15:R15) -> 35 | T15: ='Detailed Marks'!L15 -> 47.5
... A104: ='Detailed Marks'!A104 -> 210732H | B104: ='Detailed Marks'!B104 -> WITHANAWASAM I.A. | C104: 1.5 | D104: 2 | E104: 5 | F104: 5 | G104: 5 | H104: 4 | I104: 3 | J104: 4 | K104: 2 | L104: 2 | M104: 1 | N104: 4 | O104: 4 | P104: 2 | Q104: 0 | R104: 2 | S104: =SUM(C104:R104) -> 46.5 | T104: ='Detailed Marks'!L104 -> 59

Sheet Moodle
A1: Name with Initials | B1: Last name | C1: ID number | D1: Institution | E1: Department | F1: Email address | G1: Quiz: Q01 on Introduction (Real) | H1: Quiz: Q02 Image Classification (Real) | I1: Quiz: Q03 Convolutional Neural Networks (Real) | J1: Quiz: Q04 Linear Networks (Real) | K1: Quiz: Q06 Backpropagation (Real) | L1: Quiz: Q09 Object Detection (Real) | M1: Quiz: Q10 Attention in Vision (Real) | N1: Quiz: Q11 Image Segmentation (Real) | O1: Quiz: Q12 Vision Language Models (Real) | P1: Quiz: Q13 Diffusion Models (Real) | Q1: Quizzes total (Real) | R1: Mid Semester Exam (Real) | S1: Paper Presentation (Real) | T1: Project Final (Real) | U1: Project total (Real) | V1: Course total (Real) | W1: Last downloaded from this course
A2: MADUWANTHA L.H.H. | B2: 200370K | C2: 35333 | D2: 200370K | F2: maduwanthalhh.20@uom.lk | G2: - | H2: 10 | I2: 9 | J2: 1 | K2: 10 | L2: 9 | M2: 9 | N2: 10 | O2: 9.17 | P2: 10 | Q2: 9.65 | R2: 12 | S2: 4.5 | T2: 12.63 | U2: 17.13 | V2: 48.42 | W2: 1766912722
A3: ABEWICKREMA A.S.J. | B3: 210003B | C3: 39236 | D3: 210003B | F3: abewickremaasj.21@uom.lk | G3: 9 | H3: 10 | I3: 10 | J3: - | K3: 10 | L3: 9 | M3: 9.5 | N3: 9.67 | O3: 8 | P3: 10 | Q3: 9.65 | R3: 20 | S3: 2 | T3: 9.88 | U3: 11.88 | V3: 51.17 | W3: 1766912722
A4: ABEYRATHNA S.M.S.M.B. | B4: 210005H | C4: 39238 | D4: 210005H | F4: abeyrathnasmsmb.21@uom.lk | G4: 10 | H4: 10 | I4: 10 | J4: 0.95 | K4: 10 | L4: 9 | M4: 9 | N4: 9.67 | O4: 9 | P4: 10 | Q4: 9.77 | R4: 18 | S4: 3.33 | T4: 10.38 | U4: 13.71 | V4: 51.25 | W4: 1766912722
A5: ABEYWARDANA K.D.W. | B5: 210014J | C5: 39247 | D5: 210014J | F5: abeywardanakdw.21@uom.lk | G5: 10 | H5: 8.5 | I5: 8 | J5: 0.89 | K5: 8 | L5: - | M5: 8 | N5: - | O5: 7.67 | P5: 8.72 | Q5: 8.48 | R5: 18 | S5: 4.5 | T5: 12.63 | U5: 17.13 | V5: 52.08 | W5: 1766912722
A6: ABITHAN A. | B6: 210019E | C6: 39252 | D6: 210019E | F6: abithana.21@uom.lk | G6: 10 | H6: 10 | I6: 8.5 | J6: 0.82 | K6: 10 | L6: 9 | M6: 9 | N6: 10 | O6: 8.67 | P6: 10 | Q6: 9.58 | R6: 17 | S6: 4.17 | T6: 9 | U6: 13.17 | V6: 49.33 | W6: 1766912722
A7: ADIKARAM W.K.D.N.E. | B7: 210021D | C7: 39254 | D7: 210021D | F7: adikaramwkdne.21@uom.lk | G7: - | H7: 9.5 | I7: 9 | J7: 0.92 | K7: 10 | L7: 8.5 | M7: 9 | N7: 9.67 | O7: 8.5 | P7: 10 | Q7: 9.35 | R7: 14 | S7: 3.67 | T7: 12.5 | U7: 16.17 | V7: 48.88 | W7: 1766912722
A8: ADIKARI A.A.S.D. | B8: 210022G | C8: 39255 | D8: 210022G | F8: adikariaasd.21@uom.lk | G8: 10 | H8: 10 | I8: 8.5 | J8: 0.92 | K8: 10 | L8: 9 | M8: 8.5 | N8: 9.67 | O8: 9.17 | P8: 10 | Q8: 9.63 | R8: 18 | S8: 3.17 | T8: 12.75 | U8: 15.92 | V8: 53.17 | W8: 1766912722
A9: ALAHAKOON U.M.Y.B. | B9: 210027C | C9: 39260 | D9: 210027C | F9: alahakoonumyb.21@uom.lk | G9: 10 | H9: - | I9: 10 | J9: 0.98 | K9: 10 | L9: 9 | M9: 8.67 | N9: 9.67 | O9: 8.67 | P9: 10 | Q9: 9.64 | R9: 15 | S9: 4 | T9: 10.5 | U9: 14.5 | V9: 48.77 | W9: 1766912722
A10: AMARASINGHE A.A.W.L.R. | B10: 210031H | C10: 39264 | D10: 210031H | F10: amarasingheaawlr.21@uom.lk | G10: 10 | H10: 10 | I10: 10 | J10: 0.95 | K10: 10 | L10: 8.5 | M10: 9 | N10: 9.67 | O10: 8.67 | P10: 10 | Q10: 9.77 | R10: 18 | S10: 3.33 | T10: 14.38 | U10: 17.71 | V10: 55.25 | W10: 1766912722
A11: AMARASINGHE Y.W.S.P. | B11: 210035A | C11: 39268 | D11: 210035A | E11: Electronic and Telecommunication Engineering | F11: amarasingheywsp.21@uom.lk | G11: 10 | H11: 10 | I11: 10 | J11: 0.92 | K11: 10 | L11: 10 | M11: 9 | N11: 9.67 | O11: 8.67 | P11: 10 | Q11: 9.85 | R11: 18 | S11: 2.83 | T11: 14.63 | U11: 17.46 | V11: 55.17 | W11: 1766912722
A12: AMARASURIYA G.N. | B12: 210036D | C12: 39269 | D12: 210036D | F12: amarasuriyagn.21@uom.lk | G12: 10 | H12: 10 | I12: - | J12: 1 | K12: 10 | L12: 9 | M12: 9 | N12: 9.67 | O12: 9 | P12: 10 | Q12: 9.71 | R12: 19 | S12: 4 | T12: 10.88 | U12: 14.88 | V12: 53.29 | W12: 1766912722
A13: AMARATHUNGA D.N. | B13: 210037G | C13: 39270 | D13: 210037G | F13: amarathungadn.21@uom.lk | G13: 10 | H13: 10 | I13: 8.5 | J13: 1 | K13: 10 | L13: 10 | M13: 9 | N13: 10 | O13: 10 | P13: 10 | Q13: 10 | R13: 17 | S13: 2.67 | T13: 13.5 | U13: 16.17 | V13: 53.17 | W13: 1766912722
A14: AMUGODA A.S.S. | B14: 210041M | C14: 39274 | D14: 210041M | F14: amugodaass.21@uom.lk | G14: - | H14: 10 | I14: 10 | J14: 0.98 | K14: 10 | L14: - | M14: 9 | N14: 3.67 | O14: 9.17 | P14: 10 | Q14: 8.95 | R14: 19 | S14: 3.67 | T14: 10.75 | U14: 14.42 | V14: 51.31 | W14: 1766912722
A15: BASNAYAKE B.Y.N. | B15: 210069F | C15: 39302 | D15: 210069F | F15: basnayakebyn.21@uom.lk | G15: - | H15: 10 | I15: 9 | J15: - | K15: 10 | L15: 9 | M15: 9 | N15: 10 | O15: 9.17 | P15: 10 | Q15: 9.52 | R15: 20 | S15: 4.17 | T15: 14 | U15: 18.17 | V15: 57.21 | W15: 1766912722
A16: BOTHEJU W.G.W. | B16: 210071E | C16: 39304 | D16: 210071E | F16: bothejuwgw.21@uom.lk | G16: 10 | H16: 10 | I16: - | J16: 0.89 | K16: 10 | L16: 9 | M16: 8.5 | N16: 9.67 | O16: 8.5 | P16: 10 | Q16: 9.51 | R16: 19 | S16: 2 | T16: 9.88 | U16: 11.88 | V16: 49.9 | W16: 1766912722
A17: CHANDRAJITH B.P.L. | B17: 210075U | C17: 39308 | D17: 210075U | F17: chandrajithbpl.21@uom.lk | G17: - | H17: 9.5 | I17: 9 | J17: 0.69 | K17: 9.5 | L17: 8.17 | M17: 9 | N17: 9.33 | O17: 7.83 | P17: 10 | Q17: 9.04 | R17: 18 | S17: 3.67 | T17: 12.5 | U17: 16.17 | V17: 52.25 | W17: 1766912722
A18: COORAY P.L.L.K. | B18: 210088L | C18: 39321 | D18: 210088L | F18: cooraypllk.21@uom.lk | G18: 10 | H18: 10 | I18: 10 | J18: 0.92 | K18: 10 | L18: 10 | M18: 9 | N18: 9.67 | O18: 8.67 | P18: 10 | Q18: 9.85 | R18: 18 | S18: 4.33 | T18: 11.38 | U18: 15.71 | V18: 53.42 | W18: 1766912722
A19: DABARE A.D.T. | B19: 210089P | C19: 39322 | D19: 210089P | E19: ENTC | F19: dabareadt.21@uom.lk | G19: 10 | H19: 10 | I19: 10 | J19: 1 | K19: 10 | L19: 10 | M19: 10 | N19: 10 | O19: 10 | P19: 10 | Q19: 10 | R19: 17 | S19: 2.67 | T19: 10.63 | U19: 13.29 | V19: 50.29 | W19: 1766912722
A20: DASSANAYAKE D.M.T.K.R. | B20: 210095F | C20: 39328 | D20: 210095F | F20: dassanayakedmtkr.21@uom.lk | G20: 10 | H20: 10 | I20: 8.5 | J20: 0.92 | K20: 10 | L20: 9 | M20: 9.5 | N20: 9.67 | O20: 9.17 | P20: 10 | Q20: 9.69 | R20: 17 | S20: 4.33 | T20: 9.38 | U20: 13.71 | V20: 50.08 | W20: 1766912722
A21: DE SILVA A.N.T. | B21: 210097M | C21: 39330 | D21: 210097M | F21: desilvaant.21@uom.lk | G21: 10 | H21: 10 | I21: 8.5 | J21: - | K21: 10 | L21: 9 | M21: 9 | N21: - | O21: 8.67 | P21: 10 | Q21: 9.4 | R21: 11 | S21: 3.17 | T21: 7 | U21: 10.17 | V21: 39.96 | W21: 1766912722
A22: DE ZOYSA A.K.N. | B22: 210108C | C22: 39341 | D22: 210108C | F22: dezoysaakn.21@uom.lk | G22: 10 | H22: 10 | I22: 10 | J22: 1 | K22: 10 | L22: 10 | M22: 10 | N22: 10 | O22: 10 | P22: 10 | Q22: 10 | R22: 17 | S22: 3.8 | T22: 9.25 | U22: 13.05 | V22: 50.05 | W22: 1766912722
A23: DHARMADASA W.H.M.A.D. | B23: 210121J | C23: 39354 | D23: 210121J | F23: dharmadasawhmad.21@uom.lk | G23: - | H23: - | I23: - | J23: - | K23: 10 | L23: 10 | M23: 9 | N23: 10 | O23: 8.17 | P23: - | Q23: 5.9 | R23: 12 | S23: 3.5 | T23: 8.75 | U23: 12.25 | V23: 36.04 | W23: 1766912722
A24: DILUSHANA H.M.P.S. | B24: 210130K | C24: 39363 | D24: 210130K | F24: dilushanahmps.21@uom.lk | G24: - | H24: - | I24: - | J24: - | K24: - | L24: 10 | M24: 9.5 | N24: 9.67 | O24: 8.33 | P24: 10 | Q24: 5.94 | R24: 11 | S24: 3.83 | T24: 9.13 | U24: 12.96 | V24: 35.83 | W24: 1766912722
A25: DIMAGI D.H.P. | B25: 210131N | C25: 39364 | D25: 210131N | F25: dimagidhp.21@uom.lk | G25: 10 | H25: 10 | I25: 10 | J25: 1 | K25: 10 | L25: 10 | M25: 10 | N25: 10 | O25: 10 | P25: 10 | Q25: 10 | R25: 19 | S25: 4 | T25: 12.75 | U25: 16.75 | V25: 55.75 | W25: 1766912722
A26: DISSANAYAKA D.M.P.C. | B26: 210140P | C26: 39373 | D26: 210140P | F26: dissanayakadmpc.21@uom.lk | G26: 10 | H26: 10 | I26: 9 | J26: 1 | K26: 10 | L26: 10 | M26: 9.67 | N26: 10 | O26: 10 | P26: 10 | Q26: 10 | R26: 14 | S26: 4 | T26: 12.75 | U26: 16.75 | V26: 50.75 | W26: 1766912722
A27: DISSANAYAKA D.M.S.P. | B27: 210141U | C27: 39374 | D27: 210141U | F27: dissanayakadmsp.21@uom.lk | G27: 10 | H27: 10 | I27: - | J27: 0.88 | K27: 10 | L27: 10 | M27: 9.5 | N27: 10 | O27: 9.17 | P27: 10 | Q27: 9.83 | R27: 19 | S27: 3 | T27: 10.63 | U27: 13.63 | V27: 52.29 | W27: 1766912722
A28: DISSANAYAKE D.M.S.D. | B28: 210147T | C28: 39380 | D28: 210147T | F28: dissanayakedmsd.21@uom.lk | G28: - | H28: 10 | I28: 8 | J28: 0.92 | K28: 0 | L28: 9 | M28: 9 | N28: 9.67 | O28: 8.67 | P28: 10 | Q28: 9.19 | R28: 14 | S28: 3.17 | T28: 7 | U28: 10.17 | V28: 42.54 | W28: 1766912722
A29: DODANGODA D.K.S.J. | B29: 210150V | C29: 39383 | D29: 210150V | F29: dodangodadksj.21@uom.lk | G29: 10 | H29: 10 | I29: 9 | J29: 1 | K29: 10 | L29: 10 | M29: 10 | N29: 10 | O29: 10 | P29: 10 | Q29: 10 | R29: 14 | S29: 3.8 | T29: 9.25 | U29: 13.05 | V29: 47.05 | W29: 1766912722
A30: DULNATH W.H.R. | B30: 210152E | C30: 39385 | D30: 210152E | F30: dulnathwhr.21@uom.lk | G30: 10 | H30: 10 | I30: - | J30: - | K30: 10 | L30: 9 | M30: 9.5 | N30: 10 | O30: 8.5 | P30: - | Q30: 8.38 | R30: 13 | S30: 4 | T30: 9.25 | U30: 13.25 | V30: 43 | W30: 1766912722
A31: EDIRISINGHE E.A.D.D.D. | B31: 210153H | C31: 39386 | D31: 210153H | F31: edirisingheeaddd.21@uom.lk | G31: 10 | H31: 10 | I31: 10 | J31: 0.95 | K31: 10 | L31: 10 | M31: 9 | N31: 9.67 | O31: 9 | P31: 10 | Q31: 9.9 | R31: 18 | S31: 3.67 | T31: 10.75 | U31: 14.42 | V31: 52.21 | W31: 1766912722
A32: EPA Y.L.A. | B32: 210156U | C32: 39389 | D32: 210156U | F32: epayla.21@uom.lk | G32: - | H32: 10 | I32: 10 | J32: 0.97 | K32: 10 | L32: 10 | M32: 9.5 | N32: 10 | O32: 8.67 | P32: 10 | Q32: 9.9 | R32: 18 | S32: 3.83 | T32: 12.63 | U32: 16.46 | V32: 54.25 | W32: 1766912722
A33: EPA Y.R.A. | B33: 210157A | C33: 39390 | D33: 210157A | F33: epayra.21@uom.lk | G33: - | H33: 10 | I33: 10 | J33: 0.97 | K33: 10 | L33: 10 | M33: 9.5 | N33: 10 | O33: 9.17 | P33: 10 | Q33: 9.9 | R33: 20 | S33: 3.83 | T33: 12.63 | U33: 16.46 | V33: 56.25 | W33: 1766912722
A34: FERNANDO N.I.S.P. | B34: 210162J | C34: 39395 | D34: 210162J | F34: fernandonisp.21@uom.lk | G34: - | H34: - | I34: 8.5 | J34: - | K34: 10 | L34: 9 | M34: 9.5 | N34: 9.67 | O34: 9.17 | P34: 10 | Q34: 8.23 | R34: 11 | S34: 2.17 | T34: 8.13 | U34: 10.29 | V34: 37.75 | W34: 1766912722
A35: FERNANDO W.W.R.N.S. | B35: 210169L | C35: 39402 | D35: 210169L | F35: fernandowwrns.21@uom.lk | G35: 10 | H35: 10 | I35: 10 | J35: 1 | K35: 10 | L35: 9.17 | M35: 9.5 | N35: 10 | O35: 10 | P35: 10 | Q35: 10 | R35: 17 | S35: 3.83 | T35: 10.63 | U35: 14.46 | V35: 51.46 | W35: 1766912722
A36: GALLELLA M.M.H.H.B. | B36: 210174X | C36: 39407 | D36: 210174X | F36: gallellammhhb.21@uom.lk | G36: 10 | H36: 10 | I36: 10 | J36: 0.95 | K36: 10 | L36: 10 | M36: 9 | N36: 9.67 | O36: 8.67 | P36: 10 | Q36: 9.9 | R36: 20 | S36: 4 | T36: 15 | U36: 19 | V36: 58.79 | W36: 1766912722
A37: GAMMUNE D.J.T. | B37: 210179R | C37: 39412 | D37: 210179R | F37: gammunedjt.21@uom.lk | G37: 9.33 | H37: 10 | I37: 10 | J37: - | K37: 10 | L37: 9 | M37: 9.5 | N37: 9.67 | O37: 8.5 | P37: 10 | Q37: 9.69 | R37: 14 | S37: 4.17 | T37: 14 | U37: 18.17 | V37: 51.54 | W37: 1766912722
A38: GUNAWARDANA W.N.M. | B38: 210199D | C38: 39432 | D38: 210199D | F38: gunawardanawnm.21@uom.lk | G38: 10 | H38: 10 | I38: 8.5 | J38: 0.92 | K38: 10 | L38: 9 | M38: 8.5 | N38: 10 | O38: 10 | P38: 10 | Q38: 9.77 | R38: 15 | S38: 2.83 | T38: 12 | U38: 14.83 | V38: 49.38 | W38: 1766912722
A39: GUNAWARDANE E.R.N.H. | B39: 210200C | C39: 39433 | D39: 210200C | F39: gunawardaneernh.21@uom.lk | G39: 10 | H39: 10 | I39: 9 | J39: 0.89 | K39: 10 | L39: 9 | M39: 9 | N39: 10 | O39: 10 | P39: 10 | Q39: 9.75 | R39: 19 | S39: 2.83 | T39: 12 | U39: 14.83 | V39: 53.33 | W39: 1766912722
A40: HANSINDU K.A.A. | B40: 210204R | C40: 39437 | D40: 210204R | F40: hansindukaa.21@uom.lk | G40: 10 | H40: 9.5 | I40: 8.5 | J40: 0.92 | K40: - | L40: 9 | M40: 9.5 | N40: 10 | O40: 10 | P40: 10 | Q40: 9.65 | R40: 19 | S40: 4 | T40: 13.13 | U40: 17.13 | V40: 55.42 | W40: 1766912722
A41: HERATH B.H.M.K.S.B. | B41: 210212N | C41: 39445 | D41: 210212N | F41: herathbhmksb.21@uom.lk | G41: 10 | H41: 10 | I41: 8.5 | J41: 0.95 | K41: 10 | L41: 10 | M41: 10 | N41: 10 | O41: 10 | P41: 10 | Q41: 10 | R41: 19 | S41: 4 | T41: 11 | U41: 15 | V41: 54 | W41: 1766912722
A42: HERATH H.M.D.P. | B42: 210215C | C42: 39448 | D42: 210215C | F42: herathhmdp.21@uom.lk | G42: 10 | H42: 10 | I42: 10 | J42: 1 | K42: 10 | L42: 10 | M42: 9 | N42: 9.67 | O42: 10 | P42: 10 | Q42: 10 | R42: 17 | S42: 2.83 | T42: 12.13 | U42: 14.96 | V42: 51.96 | W42: 1766912722
A43: HERATH H.M.S.I. | B43: 210218M | C43: 39451 | D43: 210218M | F43: herathhmsi.21@uom.lk | G43: 10 | H43: 10 | I43: 10 | J43: 1 | K43: 10 | L43: 9 | M43: 9 | N43: 9.33 | O43: 8.67 | P43: 10 | Q43: 9.79 | R43: 20 | S43: 3.17 | T43: 12.13 | U43: 15.29 | V43: 54.88 | W43: 1766912722
A44: HEWAGAMAGE K.L.N. | B44: 210222U | C44: 39455 | D44: 210222U | F44: hewagamagekln.21@uom.lk | G44: 9.33 | H44: 10 | I44: 10 | J44: 0.95 | K44: 10 | L44: 10 | M44: 9 | N44: 9.67 | O44: 10 | P44: 10 | Q44: 9.9 | R44: 18 | S44: 4 | T44: 15 | U44: 19 | V44: 56.79 | W44: 1766912722
A45: JANANDITH W.A.O. | B45: 210234H | C45: 39467 | D45: 210234H | F45: janandithwao.21@uom.lk | G45: - | H45: 10 | I45: 8.5 | J45: 0.8 | K45: - | L45: 8.5 | M45: 9 | N45: 9.67 | O45: 10 | P45: 8.72 | Q45: 9.05 | R45: 19 | S45: 2.83 | T45: 12.5 | U45: 15.33 | V45: 52.43 | W45: 1766912722
A46: JAYAKUMAR W.S. | B46: 210236P | C46: 39469 | D46: 210236P | F46: jayakumarws.21@uom.lk | G46: 10 | H46: 10 | I46: 10 | J46: 1 | K46: 10 | L46: 10 | M46: 9 | N46: 10 | O46: 8.5 | P46: 10 | Q46: 10 | R46: 20 | S46: 4 | T46: 10.5 | U46: 14.5 | V46: 54.5 | W46: 1766912722
A47: JAYASINGHE J.M.C.N.B. | B47: 210248E | C47: 39481 | D47: 210248E | F47: jayasinghejmcnb.21@uom.lk | G47: 10 | H47: 10 | I47: 10 | J47: 0.92 | K47: 10 | L47: 9 | M47: 10 | N47: 9.67 | O47: 9.17 | P47: 10 | Q47: 9.85 | R47: 15 | S47: 3 | T47: 11.25 | U47: 14.25 | V47: 48.96 | W47: 1766912722
A48: JAYATHILAKA C.B.N.L. | B48: 210253N | C48: 39486 | D48: 210253N | F48: jayathilakacbnl.21@uom.lk | G48: 9.33 | H48: 10 | I48: 10 | J48: 0.98 | K48: - | L48: 10 | M48: 9 | N48: 10 | O48: 8.5 | P48: 10 | Q48: 9.76 | R48: 19 | S48: 2.83 | T48: 12.5 | U48: 15.33 | V48: 53.85 | W48: 1766912722
A49: JAYATHILAKA D.E.U. | B49: 210254T | C49: 39487 | D49: 210254T | F49: jayathilakadeu.21@uom.lk | G49: 10 | H49: 10 | I49: 7.5 | J49: 1 | K49: 10 | L49: 10 | M49: 9 | N49: 9.67 | O49: 10 | P49: 10 | Q49: 9.96 | R49: 18 | S49: 2.67 | T49: 13.5 | U49: 16.17 | V49: 54.08 | W49: 1766912722
A50: JAYATHISSA R.M.K.C. | B50: 210258J | C50: 39491 | D50: 210258J | F50: jayathissarmkc.21@uom.lk | G50: - | H50: 10 | I50: 10 | J50: 0.97 | K50: 10 | L50: 10 | M50: 9.5 | N50: 10 | O50: 9.17 | P50: 10 | Q50: 9.9 | R50: 17 | S50: 3.33 | T50: 12.5 | U50: 15.83 | V50: 52.63 | W50: 1766912722
A51: KALUNAYAKA K.A.A.K.L. | B51: 210269T | C51: 39502 | D51: 210269T | F51: kalunayakakaakl.21@uom.lk | G51: - | H51: 7.5 | I51: 8 | J51: 0.95 | K51: 9 | L51: 10 | M51: 9 | N51: 9.67 | O51: 9.17 | P51: 10 | Q51: 9.29 | R51: 11 | S51: 4.33 | T51: 9.38 | U51: 13.71 | V51: 43.29 | W51: 1766912722
A52: KARAVITA K.V.D.T.N. | B52: 210272V | C52: 39505 | D52: 210272V | F52: karavitakvdtn.21@uom.lk | G52: 9.33 | H52: 10 | I52: 8.5 | J52: 0.98 | K52: 10 | L52: 10 | M52: 10 | N52: 10 | O52: 8.5 | P52: 10 | Q52: 9.89 | R52: 19 | S52: 2.83 | T52: 12.5 | U52: 15.33 | V52: 54.1 | W52: 1766912722
A53: KELAART D.J. | B53: 210286R | C53: 39519 | D53: 210286R | F53: kelaartdj.21@uom.lk | G53: - | H53: 9.5 | I53: 8.5 | J53: - | K53: 9 | L53: 3 | M53: - | N53: - | O53: 8.5 | P53: 10 | Q53: 6.06 | R53: 13 | S53: 2.67 | T53: 8.88 | U53: 11.54 | V53: 36.67 | W53: 1766912722
A54: KIRUSHANTH G. | B54: 210292G | C54: 39525 | D54: 210292G | F54: kirushanthg.21@uom.lk | G54: 10 | H54: 10 | I54: 9 | J54: 0.92 | K54: 10 | L54: 9 | M54: 9.5 | N54: 9.67 | O54: 8 | P54: 10 | Q54: 9.67 | R54: 15 | S54: 3.17 | T54: 8.25 | U54: 11.42 | V54: 45.75 | W54: 1766912722
A55: KODIKARA U.S.S. | B55: 210293K | C55: 39526 | D55: 210293K | F55: kodikarauss.21@uom.lk | G55: 10 | H55: 10 | I55: 9 | J55: 0.95 | K55: 10 | L55: 9 | M55: 10 | N55: 10 | O55: 10 | P55: 10 | Q55: 9.94 | R55: 19 | S55: 3.83 | T55: 11.5 | U55: 15.33 | V55: 54.21 | W55: 1766912722
A56: KODITHUWAKKU J.N. | B56: 210294N | C56: 39527 | D56: 210294N | F56: kodithuwakkujn.21@uom.lk | G56: 10 | H56: 10 | I56: 9.5 | J56: 0.95 | K56: 10 | L56: 8.5 | M56: 9 | N56: 9.67 | O56: 9.17 | P56: 10 | Q56: 9.73 | R56: 15 | S56: 4.33 | T56: 11.38 | U56: 15.71 | V56: 50.17 | W56: 1766912722
A57: KULASINGHAM P.N. | B57: 210303U | C57: 39536 | D57: 210303U | F57: kulasinghampn.21@uom.lk | G57: 10 | H57: 10 | I57: - | J57: 0.92 | K57: 10 | L57: 10 | M57: 9.5 | N57: 10 | O57: 9.17 | P57: 10 | Q57: 9.83 | R57: 19 | S57: 3 | T57: 10.63 | U57: 13.63 | V57: 52.29 | W57: 1766912722
A58: KUMARA R.P.D.R. | B58: 210311R | C58: 39544 | D58: 210311R | F58: kumararpdr.21@uom.lk | G58: - | H58: 10 | I58: 7 | J58: - | K58: - | L58: 7.83 | M58: 9 | N58: 10 | O58: 8.67 | P58: 10 | Q58: 7.81 | R58: 11 | S58: 3.5 | T58: 8.75 | U58: 12.25 | V58: 38.88 | W58: 1766912722
A59: KURUPPU M.P | B59: 210325M | C59: 39558 | D59: 210325M | F59: kuruppump.21@uom.lk | G59: 10 | H59: 10 | I59: 10 | J59: 1 | K59: 10 | L59: 10 | M59: 10 | N59: 10 | O59: 10 | P59: 10 | Q59: 10 | R59: 18 | S59: 4 | T59: 11 | U59: 15 | V59: 53 | W59: 1766912722
A60: LIYANAARACHCHI L.A.S. | B60: 210341H | C60: 39574 | D60: 210341H | F60: liyanaarachchilas.21@uom.lk | G60: - | H60: 10 | I60: 10 | J60: 0.92 | K60: 10 | L60: 9 | M60: 9 | N60: 10 | O60: 8.67 | P60: 10 | Q60: 9.65 | R60: 17 | S60: 3.33 | T60: 12.5 | U60: 15.83 | V60: 52.13 | W60: 1766912722
A61: LIYANAGE P.L.D.S.K. | B61: 210344U | C61: 39577 | D61: 210344U | F61: liyanagepldsk.21@uom.lk | G61: 10 | H61: 10 | I61: 9 | J61: 0.92 | K61: 10 | L61: 8.5 | M61: 7.5 | N61: 9.67 | O61: 9 | P61: 10 | Q61: 9.6 | R61: 13 | S61: 4.17 | T61: 11.63 | U61: 15.79 | V61: 48 | W61: 1766912722
A62: LOKUDADALLA L.D.S.D. | B62: 210346D | C62: 39579 | D62: 210346D | F62: lokudadallaldsd.21@uom.lk | G62: - | H62: 8.5 | I62: 10 | J62: 0.92 | K62: 10 | L62: 9 | M62: 9.5 | N62: 9.67 | O62: 8.17 | P62: 10 | Q62: 9.48 | R62: 19 | S62: 3.17 | T62: 12.75 | U62: 15.92 | V62: 53.88 | W62: 1766912722
A63: MADHUSHAN I.D. | B63: 210349N | C63: 39582 | D63: 210349N | F63: madhushanid.21@uom.lk | G63: 10 | H63: 10 | I63: 10 | J63: 1 | K63: 10 | L63: 10 | M63: 10 | N63: 10 | O63: 10 | P63: 10 | Q63: 10 | R63: 15 | S63: 2.67 | T63: 10.63 | U63: 13.29 | V63: 48.29 | W63: 1766912722
A64: MAPALAGAMA O.N. | B64: 210378C | C64: 39611 | D64: 210378C | F64: mapalagamaon.21@uom.lk | G64: 10 | H64: 9.33 | I64: 8.5 | J64: 0.9 | K64: 0 | L64: 9 | M64: 9 | N64: 10 | O64: 8.17 | P64: 9.36 | Q64: 9.27 | R64: 15 | S64: 3 | T64: 9.5 | U64: 12.5 | V64: 46.05 | W64: 1766912722
A65: MORAWAKGODA M.K.I.G. | B65: 210391J | C65: 39624 | D65: 210391J | F65: morawakgodamkig.21@uom.lk | G65: 9.33 | H65: 10 | I65: 10 | J65: 0.95 | K65: 10 | L65: 9 | M65: 9 | N65: 9.67 | O65: 7.83 | P65: 10 | Q65: 9.69 | R65: 19 | S65: 4 | T65: 9.88 | U65: 13.88 | V65: 52.25 | W65: 1766912722
A66: NAYANTHARA J.N.P. | B66: 210418C | C66: 39651 | D66: 210418C | F66: nayantharajnp.21@uom.lk | G66: 10 | H66: 10 | I66: 8.5 | J66: 1 | K66: 10 | L66: 10 | M66: 9 | N66: 10 | O66: 10 | P66: 10 | Q66: 10 | R66: 20 | S66: 4.17 | T66: 11.13 | U66: 15.29 | V66: 55.29 | W66: 1766912722
A67: NIROSHAN E.M.A.R. | B67: 210433R | C67: 39666 | D67: 210433R | E67: Electronic and Telecommunication Engineering | F67: niroshanemar.21@uom.lk | G67: 6.8 | H67: 10 | I67: 10 | J67: - | K67: 10 | L67: 10 | M67: 9.5 | N67: 9.67 | O67: 9.17 | P67: 10 | Q67: 9.79 | R67: 18 | S67: 3.83 | T67: 9.13 | U67: 12.96 | V67: 50.54 | W67: 1766912722
A68: NIROSHANA H.K.Y. | B68: 210436E | C68: 39669 | D68: 210436E | F68: niroshanahky.21@uom.lk | G68: - | H68: 9.5 | I68: 9 | J68: 0.82 | K68: 10 | L68: 9 | M68: 9 | N68: 10 | O68: - | P68: 10 | Q68: 9.33 | R68: 11 | S68: 2.83 | T68: 12.5 | U68: 15.33 | V68: 45 | W68: 1766912722
A69: PATHIRANA S.M.V. | B69: 210452A | C69: 39685 | D69: 210452A | F69: pathiranasmv.21@uom.lk | G69: 10 | H69: 10 | I69: 10 | J69: 0.95 | K69: 10 | L69: 10 | M69: 10 | N69: 10 | O69: 10 | P69: 10 | Q69: 10 | R69: 16 | S69: 2 | T69: 10.25 | U69: 12.25 | V69: 48.25 | W69: 1766912722
A70: PEIRIS D.L.C.J. | B70: 210454G | C70: 39687 | D70: 210454G | F70: peirisdlcj.21@uom.lk | G70: - | H70: 10 | I70: 10 | J70: 1 | K70: 10 | L70: 10 | M70: 10 | N70: 10 | O70: 10 | P70: 10 | Q70: 10 | R70: 15 | S70: 3 | T70: 9.88 | U70: 12.88 | V70: 47.88 | W70: 1766912722
A71: PERERA L.C.S. | B71: 210463H | C71: 39696 | D71: 210463H | F71: pereralcs.21@uom.lk | G71: 10 | H71: 10 | I71: 10 | J71: 0.9 | K71: 10 | L71: 10 | M71: 9.5 | N71: 10 | O71: - | P71: 10 | Q71: 9.94 | R71: 18 | S71: 3 | T71: 9.88 | U71: 12.88 | V71: 50.75 | W71: 1766912722
A72: PERERA M.D.B. | B72: 210465P | C72: 39698 | D72: 210465P | E72: Computer Science & Engineering | F72: pereramdb.21@uom.lk | G72: - | H72: - | I72: 8.33 | J72: 1 | K72: 10 | L72: 10 | M72: 10 | N72: 9.67 | O72: 9.67 | P72: 10 | Q72: 9.71 | R72: 18 | S72: 2.67 | T72: 9.63 | U72: 12.29 | V72: 49.71 | W72: 1766912722
A73: PIRAGASH P. | B73: 210476B | C73: 39708 | D73: 210476B | F73: piragashp.21@uom.lk | G73: 10 | H73: 10 | I73: 8 | J73: 0.87 | K73: 10 | L73: 9 | M73: 9.5 | N73: 7 | O73: 8.67 | P73: 9.68 | Q73: 9.44 | R73: 12 | S73: 4 | T73: 10.88 | U73: 14.88 | V73: 45.75 | W73: 1766912722
A74: PITIWADUGE R.P. | B74: 210479L | C74: 39711 | D74: 210479L | E74: Computer Science & Engineering | F74: pitiwadugerp.21@uom.lk | G74: 10 | H74: 9.5 | I74: 8.5 | J74: 0.85 | K74: - | L74: 8 | M74: 8 | N74: 9.33 | O74: 7.5 | P74: 10 | Q74: 8.98 | R74: 15 | S74: 4.17 | T74: 11.63 | U74: 15.79 | V74: 48.75 | W74: 1766912722
A75: PRABHASHANA M.R.M. | B75: 210486F | C75: 39718 | D75: 210486F | F75: prabhashanamrm.21@uom.lk | G75: 8.93 | H75: 8.83 | I75: 8.5 | J75: 0.92 | K75: 10 | L75: 9 | M75: 9 | N75: 9.67 | O75: 10 | P75: 10 | Q75: 9.47 | R75: 15 | S75: 3 | T75: 11.25 | U75: 14.25 | V75: 48.19 | W75: 1766912722
A76: PRABODHA K.P.K.A. | B76: 210490L | C76: 39722 | D76: 210490L | F76: prabodhakpka.21@uom.lk | G76: - | H76: 10 | I76: 8.5 | J76: 1 | K76: 10 | L76: 10 | M76: 9 | N76: 10 | O76: 10 | P76: 10 | Q76: 9.88 | R76: 20 | S76: 4.17 | T76: 11.13 | U76: 15.29 | V76: 55.04 | W76: 1766912722
A77: PRIYANKAN V. | B77: 210498T | C77: 39730 | D77: 210498T | F77: priyankanv.21@uom.lk | G77: 10 | H77: 10 | I77: 9 | J77: 0.92 | K77: 10 | L77: 9 | M77: 9 | N77: 9.67 | O77: 8.17 | P77: 10 | Q77: 9.6 | R77: 14 | S77: 4.17 | T77: 9 | U77: 13.17 | V77: 46.38 | W77: 1766912722
A78: RAJAPAKSHA I.P.D.D. | B78: 210503H | C78: 39735 | D78: 210503H | E78: Electronic and Telecommunications | F78: rajapakshaipdd.21@uom.lk | G78: 10 | H78: 10 | I78: 7.5 | J78: 1 | K78: 9 | L78: 10 | M78: 9.5 | N78: 10 | O78: 10 | P78: 10 | Q78: 9.94 | R78: 16 | S78: 3.83 | T78: 10.63 | U78: 14.46 | V78: 50.33 | W78: 1766912722
A79: RAJAPAKSHA N.N. | B79: 210504L | C79: 39736 | D79: 210504L | F79: rajapakshann.21@uom.lk | G79: - | H79: 10 | I79: 10 | J79: 0.92 | K79: 10 | L79: 9 | M79: 9.5 | N79: 9.67 | O79: - | P79: 10 | Q79: 9.67 | R79: 19 | S79: 4.17 | T79: 10.88 | U79: 15.04 | V79: 53.38 | W79: 1766912722
A80: RAMANAYAKE R.P.G.K. | B80: 210512J | C80: 39744 | D80: 210512J | F80: ramanayakerpgk.21@uom.lk | G80: 10 | H80: 8.93 | I80: 9 | J80: 0.92 | K80: 10 | L80: 8 | M80: 10 | N80: 9.67 | O80: 9.17 | P80: 10 | Q80: 9.63 | R80: 16 | S80: 2.43 | T80: 11.63 | U80: 14.06 | V80: 49.31 | W80: 1766912722
A81: RATHNAMALALA T.N.S. | B81: 210533A | C81: 39765 | D81: 210533A | F81: rathnamalalatns.21@uom.lk | G81: 10 | H81: 10 | I81: 9 | J81: 0.87 | K81: 9.5 | L81: 9 | M81: 9 | N81: 9.67 | O81: 9 | P81: 10 | Q81: 9.52 | R81: 12 | S81: 3 | T81: 9.5 | U81: 12.5 | V81: 43.54 | W81: 1766912722
A82: RATNAYAKE R.M.L.H. | B82: 210542B | C82: 39774 | D82: 210542B | F82: ratnayakermlh.21@uom.lk | G82: 10 | H82: 10 | I82: 10 | J82: 0.95 | K82: 10 | L82: 10 | M82: 9 | N82: 10 | O82: 9.67 | P82: 10 | Q82: 9.96 | R82: 18 | S82: 3.33 | T82: 14.38 | U82: 17.71 | V82: 55.62 | W82: 1766912722
A83: SAMARANAYAKE G.D.C. | B83: 210557B | C83: 39789 | D83: 210557B | F83: samaranayakegdc.21@uom.lk | G83: 10 | H83: 8.5 | I83: 9 | J83: 0.87 | K83: 10 | L83: 8.5 | M83: 10 | N83: 9.67 | O83: 10 | P83: 10 | Q83: 9.67 | R83: 15 | S83: 2.43 | T83: 11.63 | U83: 14.06 | V83: 48.39 | W83: 1766912722
A84: SAMARANAYAKE M.A.S. | B84: 210559H | C84: 39791 | D84: 210559H | F84: samaranayakemas.21@uom.lk | G84: 9.6 | H84: 10 | I84: 8.5 | J84: 0.92 | K84: 10 | L84: 9 | M84: 8 | N84: 9.67 | O84: - | P84: 10 | Q84: 9.49 | R84: 16 | S84: 4 | T84: 9.25 | U84: 13.25 | V84: 48.23 | W84: 1766912722
A85: SEHARA G.M.M. | B85: 210583B | C85: 39815 | D85: 210583B | F85: seharagmm.21@uom.lk | G85: 10 | H85: 10 | I85: 10 | J85: - | K85: 10 | L85: 9 | M85: - | N85: 9.67 | O85: 9 | P85: 10 | Q85: 9.71 | R85: 19 | S85: 3.83 | T85: 11.5 | U85: 15.33 | V85: 53.75 | W85: 1766912722
A86: SENAVIRATHNE I.U.B. | B86: 210594J | C86: 39826 | D86: 210594J | F86: senavirathneiub.21@uom.lk | G86: 10 | H86: 9.5 | I86: 7.33 | J86: 0.92 | K86: - | L86: 10 | M86: 8.5 | N86: 9.67 | O86: 10 | P86: 10 | Q86: 9.6 | R86: 17 | S86: 2.83 | T86: 14.63 | U86: 17.46 | V86: 53.67 | W86: 1766912722
A87: SHAMAL G.B.A. | B87: 210599E | C87: 39831 | D87: 210599E | F87: shamalgba.21@uom.lk | G87: 10 | H87: 10 | I87: - | J87: - | K87: 10 | L87: 9 | M87: 9.5 | N87: 10 | O87: 10 | P87: 10 | Q87: 9.81 | R87: 18 | S87: 1.67 | T87: 9.13 | U87: 10.79 | V87: 48.42 | W87: 1766912722
A88: SHEHAN M.K.J. | B88: 210605X | C88: 39837 | D88: 210605X | F88: shehanmkj.21@uom.lk | G88: - | H88: 9.33 | I88: 5.5 | J88: 0.92 | K88: 10 | L88: - | M88: 9 | N88: 9.67 | O88: 8.17 | P88: 10 | Q88: 8.85 | R88: 16 | S88: 2.67 | T88: 8.88 | U88: 11.54 | V88: 45.25 | W88: 1766912722
A89: SILVA L.J.J.P. | B89: 210608J | C89: 39840 | D89: 210608J | F89: silvaljjp.21@uom.lk | G89: 10 | H89: 9.5 | I89: 8 | J89: - | K89: 10 | L89: 9 | M89: - | N89: 9.67 | O89: 8.5 | P89: 10 | Q89: 9.33 | R89: 20 | S89: 4 | T89: 13.13 | U89: 17.13 | V89: 55.79 | W89: 1766912722
A90: SIRIMANNA N.T.W. | B90: 210610H | C90: 39842 | D90: 210610H | F90: sirimannantw.21@uom.lk | G90: 9.33 | H90: 10 | I90: 10 | J90: 0.9 | K90: 10 | L90: 10 | M90: 9 | N90: 10 | O90: 8.67 | P90: 10 | Q90: 9.79 | R90: 17 | S90: 4 | T90: 9.88 | U90: 13.88 | V90: 50.46 | W90: 1766912722
A91: SIRIWARDANE C. | B91: 210612P | C91: 39844 | D91: 210612P | F91: siriwardanec.21@uom.lk | G91: 10 | H91: 10 | I91: 8.5 | J91: 1 | K91: 10 | L91: 10 | M91: 10 | N91: 10 | O91: 10 | P91: 10 | Q91: 10 | R91: 14 | S91: 2.67 | T91: 9.63 | U91: 12.29 | V91: 46.29 | W91: 1766912722
A92: SUNDARBAVAN T. | B92: 210624E | C92: 39856 | D92: 210624E | F92: sundarbavant.21@uom.lk | G92: 10 | H92: 10 | I92: 8.5 | J92: 1 | K92: - | L92: 9 | M92: 9 | N92: 10 | O92: 8.67 | P92: 10 | Q92: 9.58 | R92: 20 | S92: 3.17 | T92: 8.25 | U92: 11.42 | V92: 50.58 | W92: 1766912722
A93: SURENDRA S.A.J.E. | B93: 210625H | C93: 39857 | D93: 210625H | F93: surendrasaje.21@uom.lk | G93: 9.33 | H93: 10 | I93: 8.5 | J93: 0.92 | K93: 10 | L93: 10 | M93: 9 | N93: 10 | O93: 10 | P93: 10 | Q93: 9.81 | R93: 20 | S93: 4.5 | T93: 13.38 | U93: 17.88 | V93: 57.5 | W93: 1766912722
A94: THAMIRAWARAN S. | B94: 210629A | C94: 39861 | D94: 210629A | F94: thamirawarans.21@uom.lk | G94: 10 | H94: 9 | I94: - | J94: 0.87 | K94: 10 | L94: 9 | M94: 9.5 | N94: 9.67 | O94: 8.67 | P94: 10 | Q94: 9.48 | R94: 13 | S94: 3.33 | T94: 10.38 | U94: 13.71 | V94: 45.67 | W94: 1766912722
A95: THENNAKOON T.M.K.R. | B95: 210642G | C95: 39874 | D95: 210642G | F95: thennakoontmkr.21@uom.lk | G95: 10 | H95: 10 | I95: 8.5 | J95: 0.9 | K95: 10 | L95: 9 | M95: 9.5 | N95: 9.67 | O95: 9.17 | P95: 10 | Q95: 9.67 | R95: 20 | S95: 1.67 | T95: 9.13 | U95: 10.79 | V95: 50.13 | W95: 1766912722
A96: VIDMAL H.V.P. | B96: 210668P | C96: 39900 | D96: 210668P | F96: vidmalhvp.21@uom.lk | G96: - | H96: 10 | I96: 8.5 | J96: 1 | K96: 10 | L96: 10 | M96: 9.5 | N96: 10 | O96: 10 | P96: 10 | Q96: 9.94 | R96: 16 | S96: 4.5 | T96: 13.38 | U96: 17.88 | V96: 53.75 | W96: 1766912722
A97: WANNIARACHCHI W.A.D.N.M. | B97: 210679B | C97: 39911 | D97: 210679B | F97: wanniarachchiwadnm.21@uom.lk | G97: 10 | H97: 10 | I97: 10 | J97: 1 | K97: 10 | L97: 10 | M97: 9 | N97: 10 | O97: 10 | P97: 10 | Q97: 10 | R97: 16 | S97: 4.67 | T97: 12.63 | U97: 17.29 | V97: 53.29 | W97: 1766912722
A98: WICKRAMAARACHCHI W.C.A. | B98: 210699K | C98: 39931 | D98: 210699K | F98: wickramaarachchiwca.21@uom.lk | G98: 10 | H98: 10 | I98: 6 | J98: 0.95 | K98: 9.5 | L98: 10 | M98: 10 | N98: 10 | O98: 10 | P98: 10 | Q98: 9.94 | R98: 15 | S98: 2 | T98: 10.25 | U98: 12.25 | V98: 47.13 | W98: 1766912722
A99: WICKRAMARATHNE M.P. | B99: 210703V | C99: 39935 | D99: 210703V | F99: wickramarathnemp.21@uom.lk | G99: - | H99: 10 | I99: 10 | J99: 1 | K99: 10 | L99: 10 | M99: 10 | N99: 9.67 | O99: 10 | P99: 10 | Q99: 10 | R99: 18 | S99: 4.67 | T99: 12.63 | U99: 17.29 | V99: 55.29 | W99: 1766912722
A100: WICKRAMASINGHA M.P.D.N. | B100: 210705E | C100: 39937 | D100: 210705E | F100: wickramasinghampdn.21@uom.lk | G100: 10 | H100: 10 | I100: 10 | J100: 0.82 | K100: 10 | L100: 10 | M100: 9.5 | N100: 10 | O100: 8.17 | P100: 10 | Q100: 9.94 | R100: 16 | S100: 2.83 | T100: 12.13 | U100: 14.96 | V100: 50.83 | W100: 1766912722
...
